Workbook
Name BuiltIn_AutoFilter___3: #REF!

Sheet Informe
C1: FR-014 - V01
C2: INFORME DE PRUEBA DE SEGURIDAD ELÉCTRICA
E5: INFORME NÚMERO: | F5: =+Datos!A5 -> 0
B10: SOLICITANTE:
B13: DIRECCIÓN: | F13: =+Datos!C5 -> 0
B16: INFORMACIÓN DEL CONTACTO:
B20: EQUIPO:
B23: FABRICANTE:
B26: MODELO:
B29: NÚMERO DE SERIE:
B32: CÓDIGO INTERNO:
B35: FECHA RECEPCIÓN:
B38: FECHA DE MEDICIÓN:
B41: FECHA DE EMISIÓN:
B46: CONDICIONES AMBIENTALES
B48: Durante la medición, se midió la temperatura y humedad ambiental máximas y mínima. Los valores pomedios se reportan a continuación.
C50: TEMPERATURA | E50: =CONCATENATE(Datos!F12," °C") -> 21.5 °C
C51: HUMEDAD | E51: =CONCATENATE(Datos!F13," %hr") -> 52.75 %hr
B54: MÉTODO DE MEDICIÓN
B56: Para realizar esta prueba se siguen las especificaciones planteadas en la norma internacional ISO/IEC 60601-1.
B57: Según esta, los equipos se clasifican así:
B59: Según el tipo de protección contra descargas eléctricas
B60: A) Equipo alimentado internamente
B61: B) Equipo alimentado por una fuente externa de energía eléctrica.
B62: Equipo de clase I
B63: Incluye una medida de seguridad consistente en el conexionado del equipo conductor de protección a tierra, que forma parte del cableado fijo de la instalación, de forma que las partes accesibles no puedan hacerse activas en caso de fallo del aislamiento básico).
B64: Equipo de clase II
B65: Aislamiento doble o aislamiento reforzado, no existiendo provisión de puesta a tierra y confiando en las condiciones de la instalación.
B66: Según el grado de protección contra descargas eléctricas
B67: Equipo de Tipo B (protección contra descargas eléctricas, particularmente con la Corriente de fuga permisible, y la fiabilidad de la conexión a tierra si la hubiese).
... B74: PRUEBA DE LÍNEA
B76: Descripción: | C76: =+Datos!B17 -> Patrón conectado a linea y equipo a analizar conectado a Patrón. Equipo de prueba apagado.
B78: =+Datos!B18 -> Los valores de la tabla se expresan en V
B80: VALOR ESPERADO | D80: VALOR PROMEDIO MEDIDO PATRÓN | F80: APTO
B81: 220 ± 5% | D81: PL | F81: =+Datos!F21 -> NO
B84: =+Datos!B23:H23 -> PRUEBA DE RESISTENCIA EN PROTECCIÓN A TIERRA:
B86: Descripción: | C86: =+Datos!B24 -> Para todos los equipos biomédicos y según norma internacional IEC 60601-1, no debe superar los 0,2 Ω
B88: =+Datos!B25 -> Los valores de la tabla se expresan en Ω
B90: VALOR ESPERADO | D90: VALOR PROMEDIO MEDIDO PATRÓN | F90: APTO
B91: 0.2 | D91: PR | F91: =+Datos!G28 -> #DIV/0!
B94: =+Datos!B33:C33 -> PRUEBA TIERRA
B96: Descripción: | C96: =+Datos!$B$32 -> Determinar posibles fallas dependiendo de cada equipo
B98: =+Datos!B34 -> Los valores de la tabla se expresan en µA
B100: TIERRA | C100: POLARIDAD | D100: NEUTRO | E100: TIERRA | F100: CONDICIÓN | G100: VALOR MEDIDO | H100: LÍMITE | I100: USO DEL LÍMITE (%) | J100: APTO
C101: NORMAL | D101: CERRADO | E101: N.A. | F101: NC | G101: TNC | H101: 500 | I101: =(G101/H101)*100 -> #VALUE! | J101: =IF(OR(G101="", G101=0), "Esperando dato...", IF(G101 > H101, "NO (Exceso)", "SÍ (Margen: " & TEXT(1-(G101/H101), "0%") & ")")) -> NO (Exceso)
C102: NORMAL | D102: ABIERTO | E102: N.A. | F102: SFC | G102: TNA | H102: 1000 | I102: =(G102/H102)*100 -> #VALUE! | J102: =IF(OR(G102="", G102=0), "Esperando dato...", IF(G102 > H102, "NO (Exceso)", "SÍ (Margen: " & TEXT(1-(G102/H102), "0%") & ")")) -> NO (Exceso)
C103: INVERTIDA | D103: CERRADO | E103: N.A. | F103: NC | G103: TIC | H103: 500 | I103: =(G103/H103)*100 -> #VALUE! | J103: =IF(OR(G103="", G103=0), "Esperando dato...", IF(G103 > H103, "NO (Exceso)", "SÍ (Margen: " & TEXT(1-(G103/H103), "0%") & ")")) -> NO (Exceso)
C104: INVERTIDA | D104: ABIERTO | E104: N.A. | F104: SFC | G104: TIA | H104: 1000 | I104: =(G104/H104)*100 -> #VALUE! | J104: =IF(OR(G104="", G104=0), "Esperando dato...", IF(G104 > H104, "NO (Exceso)", "SÍ (Margen: " & TEXT(1-(G104/H104), "0%") & ")")) -> NO (Exceso)
B106: =+Datos!B43:C43 -> PRUEBA CHASÍS
B108: Descripción: | C108: =+Datos!$B$32 -> Determinar posibles fallas dependiendo de cada equipo
B110: =+Datos!B44 -> Los valores de la tabla se expresan en µA
B112: CHASIS | C112: POLARIDAD | D112: NEUTRO | E112: TIERRA | F112: CONDICIÓN | G112: VALOR MEDIDO | H112: LÍMITE | I112: USO DEL LÍMITE (%) | J112: APTO
C113: NORMAL | D113: CERRADO | E113: CERRADO | F113: NC | G113: CNCC | H113: 100 | I113: =(G113/H113)*100 -> #VALUE! | J113: =IF(OR(G113="", G113=0), "Esperando dato...", IF(G113 > H113, "NO (Exceso)", "SÍ (Margen: " & TEXT(1-(G113/H113), "0%") & ")")) -> NO (Exceso)
C114: NORMAL | D114: CERRADO | E114: ABIERTO | F114: SFC | G114: CNCA | H114: 500 | I114: =(G114/H114)*100 -> #VALUE! | J114: =IF(OR(G114="", G114=0), "Esperando dato...", IF(G114 > H114, "NO (Exceso)", "SÍ (Margen: " & TEXT(1-(G114/H114), "0%") & ")")) -> NO (Exceso)
C115: NORMAL | D115: ABIERTO | E115: CERRADO | F115: SFC | G115: CNAC | H115: 500 | I115: =(G115/H115)*100 -> #VALUE! | J115: =IF(OR(G115="", G115=0), "Esperando dato...", IF(G115 > H115, "NO (Exceso)", "SÍ (Margen: " & TEXT(1-(G115/H115), "0%") & ")")) -> NO (Exceso)
C116: INVERTIDA | D116: CERRADO | E116: CERRADO | F116: NC | G116: CICC | H116: 100 | I116: =(G116/H116)*100 -> #VALUE! | J116: =IF(OR(G116="", G116=0), "Esperando dato...", IF(G116 > H116, "NO (Exceso)", "SÍ (Margen: " & TEXT(1-(G116/H116), "0%") & ")")) -> NO (Exceso)
C117: INVERTIDA | D117: ABIERTO | E117: CERRADO | F117: SFC | G117: CIAC | H117: 500 | I117: =(G117/H117)*100 -> #VALUE! | J117: =IF(OR(G117="", G117=0), "Esperando dato...", IF(G117 > H117, "NO (Exceso)", "SÍ (Margen: " & TEXT(1-(G117/H117), "0%") & ")")) -> NO (Exceso)
C118: INVERTIDA | D118: CERRADO | E118: ABIERTO | F118: SFC | G118: CICA | H118: 500 | I118: =(G118/H118)*100 -> #VALUE! | J118: =IF(OR(G118="", G118=0), "Esperando dato...", IF(G118 > H118, "NO (Exceso)", "SÍ (Margen: " & TEXT(1-(G118/H118), "0%") & ")")) -> NO (Exceso)
B120: =Datos!B59:C59 -> PRUEBA LATIGUILLOS
B122: Descripción: | C122: Determinar posibles fallos en las derivaciones de ECG, cuando el equipo presenta.
B124: =Datos!B60 -> Los valores de la tabla se expresan en µA
B126: LATIGUILLOS | C126: ELECTRODOS | D126: POLARIDAD | E126: NEUTRO | F126: TIERRA | G126: CONDICIÓN | H126: VALOR MEDIDO | I126: LÍMITE | J126: USO DEL LÍMITE (%) | K126: APTO
C127: RA | D127: NORMAL | E127: CERRADO | F127: CERRADO | G127: NC | H127: LRANCC | I127: 10 | J127: =(H127/I127)*100 -> #VALUE! | K127: =IF(OR(H127="", H127=0), "Esperando dato...", IF(H127 > I127, "NO (Exceso)", "SÍ (Margen: " & TEXT(1-(H127/I127), "0%") & ")")) -> NO (Exceso)
D128: NORMAL | E128: CERRADO | F128: ABIERTO | G128: SFC | H128: LRANCA | I128: 50 | J128: =(H128/I128)*100 -> #VALUE! | K128: =IF(OR(H128="", H128=0), "Esperando dato...", IF(H128 > I128, "NO (Exceso)", "SÍ (Margen: " & TEXT(1-(H128/I128), "0%") & ")")) -> NO (Exceso)
D129: NORMAL | E129: ABIERTO | F129: CERRADO | G129: SFC | H129: LRANAC | I129: 50 | J129: =(H129/I129)*100 -> #VALUE! | K129: =IF(OR(H129="", H129=0), "Esperando dato...", IF(H129 > I129, "NO (Exceso)", "SÍ (Margen: " & TEXT(1-(H129/I129), "0%") & ")")) -> NO (Exceso)
D130: INVERTIDA | E130: CERRADO | F130: CERRADO | G130: NC | H130: LRAICC | I130: 50 | J130: =(H130/I130)*100 -> #VALUE! | K130: =IF(OR(H130="", H130=0), "Esperando dato...", IF(H130 > I130, "NO (Exceso)", "SÍ (Margen: " & TEXT(1-(H130/I130), "0%") & ")")) -> NO (Exceso)
D131: INVERTIDA | E131: ABIERTO | F131: CERRADO | G131: SFC | H131: LRAIAC | I131: 50 | J131: =(H131/I131)*100 -> #VALUE! | K131: =IF(OR(H131="", H131=0), "Esperando dato...", IF(H131 > I131, "NO (Exceso)", "SÍ (Margen: " & TEXT(1-(H131/I131), "0%") & ")")) -> NO (Exceso)
D132: INVERTIDA | E132: CERRADO | F132: ABIERTO | G132: SFC | H132: LRAICA | I132: 10 | J132: =(H132/I132)*100 -> #VALUE! | K132: =IF(OR(H132="", H132=0), "Esperando dato...", IF(H132 > I132, "NO (Exceso)", "SÍ (Margen: " & TEXT(1-(H132/I132), "0%") & ")")) -> NO (Exceso)
C134: LL | D134: NORMAL | E134: CERRADO | F134: CERRADO | G134: NC | H134: LLLNCC | I134: 10 | J134: =(H134/I134)*100 -> #VALUE! | K134: =IF(OR(H134="", H134=0), "Esperando dato...", IF(H134 > I134, "NO (Exceso)", "SÍ (Margen: " & TEXT(1-(H134/I134), "0%") & ")")) -> NO (Exceso)
D135: NORMAL | E135: CERRADO | F135: ABIERTO | G135: SFC | H135: LLLNCA | I135: 50 | J135: =(H135/I135)*100 -> #VALUE! | K135: =IF(OR(H135="", H135=0), "Esperando dato...", IF(H135 > I135, "NO (Exceso)", "SÍ (Margen: " & TEXT(1-(H135/I135), "0%") & ")")) -> NO (Exceso)
D136: NORMAL | E136: ABIERTO | F136: CERRADO | G136: SFC | H136: LLLNAC | I136: 50 | J136: =(H136/I136)*100 -> #VALUE! | K136: =IF(OR(H136="", H136=0), "Esperando dato...", IF(H136 > I136, "NO (Exceso)", "SÍ (Margen: " & TEXT(1-(H136/I136), "0%") & ")")) -> NO (Exceso)
D137: INVERTIDA | E137: CERRADO | F137: CERRADO | G137: NC | H137: LLLICC | I137: 50 | J137: =(H137/I137)*100 -> #VALUE! | K137: =IF(OR(H137="", H137=0), "Esperando dato...", IF(H137 > I137, "NO (Exceso)", "SÍ (Margen: " & TEXT(1-(H137/I137), "0%") & ")")) -> NO (Exceso)
D138: INVERTIDA | E138: ABIERTO | F138: CERRADO | G138: SFC | H138: LLLIAC | I138: 50 | J138: =(H138/I138)*100 -> #VALUE! | K138: =IF(OR(H138="", H138=0), "Esperando dato...", IF(H138 > I138, "NO (Exceso)", "SÍ (Margen: " & TEXT(1-(H138/I138), "0%") & ")")) -> NO (Exceso)
D139: INVERTIDA | E139: CERRADO | F139: ABIERTO | G139: SFC | H139: LLLICA | I139: 10 | J139: =(H139/I139)*100 -> #VALUE! | K139: =IF(OR(H139="", H139=0), "Esperando dato...", IF(H139 > I139, "NO (Exceso)", "SÍ (Margen: " & TEXT(1-(H139/I139), "0%") & ")")) -> NO (Exceso)
C141: LA | D141: NORMAL | E141: CERRADO | F141: CERRADO | G141: NC | H141: LLANCC | I141: 10 | J141: =(H141/I141)*100 -> #VALUE! | K141: =IF(OR(H141="", H141=0), "Esperando dato...", IF(H141 > I141, "NO (Exceso)", "SÍ (Margen: " & TEXT(1-(H141/I141), "0%") & ")")) -> NO (Exceso)
D142: NORMAL | E142: CERRADO | F142: ABIERTO | G142: SFC | H142: LLANCA | I142: 50 | J142: =(H142/I142)*100 -> #VALUE! | K142: =IF(OR(H142="", H142=0), "Esperando dato...", IF(H142 > I142, "NO (Exceso)", "SÍ (Margen: " & TEXT(1-(H142/I142), "0%") & ")")) -> NO (Exceso)
D143: NORMAL | E143: ABIERTO | F143: CERRADO | G143: SFC | H143: LLANAC | I143: 50 | J143: =(H143/I143)*100 -> #VALUE! | K143: =IF(OR(H143="", H143=0), "Esperando dato...", IF(H143 > I143, "NO (Exceso)", "SÍ (Margen: " & TEXT(1-(H143/I143), "0%") & ")")) -> NO (Exceso)
D144: INVERTIDA | E144: CERRADO | F144: CERRADO | G144: NC | H144: LLAICC | I144: 50 | J144: =(H144/I144)*100 -> #VALUE! | K144: =IF(OR(H144="", H144=0), "Esperando dato...", IF(H144 > I144, "NO (Exceso)", "SÍ (Margen: " & TEXT(1-(H144/I144), "0%") & ")")) -> NO (Exceso)
D145: INVERTIDA | E145: ABIERTO | F145: CERRADO | G145: SFC | H145: LLAIAC | I145: 50 | J145: =(H145/I145)*100 -> #VALUE! | K145: =IF(OR(H145="", H145=0), "Esperando dato...", IF(H145 > I145, "NO (Exceso)", "SÍ (Margen: " & TEXT(1-(H145/I145), "0%") & ")")) -> NO (Exceso)
D146: INVERTIDA | E146: CERRADO | F146: ABIERTO | G146: SFC | H146: LLAICA | I146: 10 | J146: =(H146/I146)*100 -> #VALUE! | K146: =IF(OR(H146="", H146=0), "Esperando dato...", IF(H146 > I146, "NO (Exceso)", "SÍ (Margen: " & TEXT(1-(H146/I146), "0%") & ")")) -> NO (Exceso)
C148: RL | D148: NORMAL | E148: CERRADO | F148: CERRADO | G148: NC | H148: LRLNCC | I148: 10 | J148: =(H148/I148)*100 -> #VALUE! | K148: =IF(OR(H148="", H148=0), "Esperando dato...", IF(H148 > I148, "NO (Exceso)", "SÍ (Margen: " & TEXT(1-(H148/I148), "0%") & ")")) -> NO (Exceso)
D149: NORMAL | E149: CERRADO | F149: ABIERTO | G149: SFC | H149: LRLNCA | I149: 50 | J149: =(H149/I149)*100 -> #VALUE! | K149: =IF(OR(H149="", H149=0), "Esperando dato...", IF(H149 > I149, "NO (Exceso)", "SÍ (Margen: " & TEXT(1-(H149/I149), "0%") & ")")) -> NO (Exceso)
D150: NORMAL | E150: ABIERTO | F150: CERRADO | G150: SFC | H150: LRLNAC | I150: 50 | J150: =(H150/I150)*100 -> #VALUE! | K150: =IF(OR(H150="", H150=0), "Esperando dato...", IF(H150 > I150, "NO (Exceso)", "SÍ (Margen: " & TEXT(1-(H150/I150), "0%") & ")")) -> NO (Exceso)
D151: INVERTIDA | E151: CERRADO | F151: CERRADO | G151: NC | H151: LRLICC | I151: 50 | J151: =(H151/I151)*100 -> #VALUE! | K151: =IF(OR(H151="", H151=0), "Esperando dato...", IF(H151 > I151, "NO (Exceso)", "SÍ (Margen: " & TEXT(1-(H151/I151), "0%") & ")")) -> NO (Exceso)
D152: INVERTIDA | E152: ABIERTO | F152: CERRADO | G152: SFC | H152: LRLIAC | I152: 50 | J152: =(H152/I152)*100 -> #VALUE! | K152: =IF(OR(H152="", H152=0), "Esperando dato...", IF(H152 > I152, "NO (Exceso)", "SÍ (Margen: " & TEXT(1-(H152/I152), "0%") & ")")) -> NO (Exceso)
D153: INVERTIDA | E153: CERRADO | F153: ABIERTO | G153: SFC | H153: LRLICA | I153: 10 | J153: =(H153/I153)*100 -> #VALUE! | K153: =IF(OR(H153="", H153=0), "Esperando dato...", IF(H153 > I153, "NO (Exceso)", "SÍ (Margen: " & TEXT(1-(H153/I153), "0%") & ")")) -> NO (Exceso)
C155: V1 | D155: NORMAL | E155: CERRADO | F155: CERRADO | G155: NC | H155: LV1NCC | I155: 10 | J155: =(H155/I155)*100 -> #VALUE! | K155: =IF(OR(H155="", H155=0), "Esperando dato...", IF(H155 > I155, "NO (Exceso)", "SÍ (Margen: " & TEXT(1-(H155/I155), "0%") & ")")) -> NO (Exceso)
D156: NORMAL | E156: CERRADO | F156: ABIERTO | G156: SFC | H156: LV1NCA | I156: 50 | J156: =(H156/I156)*100 -> #VALUE! | K156: =IF(OR(H156="", H156=0), "Esperando dato...", IF(H156 > I156, "NO (Exceso)", "SÍ (Margen: " & TEXT(1-(H156/I156), "0%") & ")")) -> NO (Exceso)
D157: NORMAL | E157: ABIERTO | F157: CERRADO | G157: SFC | H157: LV1NAC | I157: 50 | J157: =(H157/I157)*100 -> #VALUE! | K157: =IF(OR(H157="", H157=0), "Esperando dato...", IF(H157 > I157, "NO (Exceso)", "SÍ (Margen: " & TEXT(1-(H157/I157), "0%") & ")")) -> NO (Exceso)
D158: INVERTIDA | E158: CERRADO | F158: CERRADO | G158: NC | H158: LV1ICC | I158: 50 | J158: =(H158/I158)*100 -> #VALUE! | K158: =IF(OR(H158="", H158=0), "Esperando dato...", IF(H158 > I158, "NO (Exceso)", "SÍ (Margen: " & TEXT(1-(H158/I158), "0%") & ")")) -> NO (Exceso)
D159: INVERTIDA | E159: ABIERTO | F159: CERRADO | G159: SFC | H159: LV1IAC | I159: 50 | J159: =(H159/I159)*100 -> #VALUE! | K159: =IF(OR(H159="", H159=0), "Esperando dato...", IF(H159 > I159, "NO (Exceso)", "SÍ (Margen: " & TEXT(1-(H159/I159), "0%") & ")")) -> NO (Exceso)
D160: INVERTIDA | E160: CERRADO | F160: ABIERTO | G160: SFC | H160: LV1ICA | I160: 10 | J160: =(H160/I160)*100 -> #VALUE! | K160: =IF(OR(H160="", H160=0), "Esperando dato...", IF(H160 > I160, "NO (Exceso)", "SÍ (Margen: " & TEXT(1-(H160/I160), "0%") & ")")) -> NO (Exceso)
B164: NOTAS:
B165: - El "VALOR PROMEDIO MEDIDO PATRÓN", corresponde a tres mediciones tomadas del equipo patrón.
B166: - El "VALOR MÁXIMO PERMITIDO", se obtiene de la norma internacional a la que se acoge esta prueba.
B167: - Los valores son reportados con la mismas cifras decimales de su indicación, los promedios con una adicional.
B170: DESCARGO DE RESPONSABILIDADES
B172: =+Datos!A70 -> Se deja el equipo en buenas condiciones de funcionalidad.
B176: TRAZABILIDAD
B178: El laboratorio de Metrología y Validación de Dispositivos Biomédicos PUCP asegura la trazabilidad de las mediciones al Sistema Internacional a través de patrones calibrados por laboratorios nacionales e internacionales.
...

Sheet Datos
C1: FR-014 - V01
C2: INFORME DE PRUEBA DE SEGURIDAD ELÉCTRICA
A4: NÚMERO INFORME | B4: SOLICITANTE | C4: DIRECCIÓN | D4: NOMBRE CONTACTO | E4: TELÉFONO | F4: EQUIPO | G4: FABRICANTE | H4: MODELO | I4: SERIE | J4: CÓDIGO INTERNO | K4: FECHA DE RECEPCIÓN | L4: FECHA DE MEDICIÓN | M4: SITIO DE CALIBRACIÓN
B5: CARDIOPERFUSION | D5: CONRADO DELGADO | F5: TORRE ENDOSCOPIA + VIDEO GASTROSCOPIO TERAPEUTICO | G5: FUJI | H5: EP 6000 EG-760CT | I5: 2V696K311 7G411K149 | J5: 16794 | K5: 29-09-2022 | L5: 29-09-2022 | M5: CLINICA CENTENARIO PERUANO JAPONESA
A9: CONDICIONES AMBIENTALES
D11: MÍNIMA | E11: MÁXIMA | F11: PROMEDIO
C12: Temperatura (°C) | D12: 20.9 | E12: 22.1 | F12: =AVERAGE(D12:E12) -> 21.5
C13: Humedad (%hr) | D13: 51.3 | E13: 54.2 | F13: =AVERAGE(D13:E13) -> 52.75
A16: 1. | B16: PRUEBA DE LÍNEA
B17: Patrón conectado a linea y equipo a analizar conectado a Patrón. Equipo de prueba apagado. | K17: V
B18: =+CONCATENATE("Los valores de la tabla se expresan en ",K17) -> Los valores de la tabla se expresan en V
B20: VALOR | C20: FASE A NEUTRO | D20: NEUTRO A TIERRA | E20: FASE A TIERRA | F20: APTO
B21: 220 ± 5% | C21: LFN | D21: LNT | E21: LFT | F21: =IF(AND(C21 >= 209, C21 <= 231, D21 <= 5), "SI", "NO") -> NO
A23: 2. | B23: PRUEBA DE RESISTENCIA EN PROTECCIÓN A TIERRA:
B24: Para todos los equipos biomédicos y según norma internacional IEC 60601-1, no debe superar los 0,2 Ω
B25: =+CONCATENATE("Los valores de la tabla se expresan en ",K25) -> Los valores de la tabla se expresan en Ω | K25: Ω
B27: VALOR | C27: VALOR PATRÓN (1) | D27: VALOR PATRÓN (2) | E27: VALOR PATRÓN (3) | F27: PROMEDIO PATRÓN | G27: APTO
B28: 0.2 | C28: PR1 | D28: PR2 | E28: PR3 | F28: =AVERAGE(C28:E28) -> #DIV/0! | G28: =IF(F28<=B28,"SI","NO ") -> #DIV/0!
A31: 3.
B32: Determinar posibles fallas dependiendo de cada equipo
A33: 3.1 | B33: PRUEBA TIERRA
B34: =+CONCATENATE("Los valores de la tabla se expresan en ",K34) -> Los valores de la tabla se expresan en µA | K34: µA
B36: TIERRA | C36: EQUIPO BAJO PRUEBA | D36: FASE | E36: NEUTRO | F36: TIERRA | G36: MÁXIMO PERMITIDO | H36: VALOR PATRÓN 1 | I36: VALOR PATRÓN 2 | J36: VALOR PATRÓN 3 | K36: PROMEDIO PATRÓN | L36: APTO
C37: ON | D37: NORMAL | E37: CERRADO | F37: N.A. | G37: 500 | H37: TONC1 | I37: TONC2 | J37: TONC3 | K37: =AVERAGE(H37:J37) -> #DIV/0! | L37: =IF(K37<=G37,"SI","NO ") -> #DIV/0!
C38: OFF | D38: NORMAL | E38: ABIERTO | F38: N.A. | G38: 1000 | H38: TFNA1 | I38: TFNA2 | J38: TFNA3 | K38: =AVERAGE(H38:J38) -> #DIV/0! | L38: =IF(K38<=G38,"SI","NO ") -> #DIV/0!
C39: OFF | D39: OFF | E39: N.A. | F39: N.A. | G39: 500 | H39: TFF1 | I39: TFF2 | J39: TFF3 | K39: =AVERAGE(H39:J39) -> #DIV/0! | L39: =IF(K39<=G39,"SI","NO ") -> #DIV/0!
C40: OFF | D40: INVERTIDA | E40: ABIERTO | F40: N.A. | G40: 1000 | H40: TFIA1 | I40: TFIA2 | J40: TFIA3 | K40: =AVERAGE(H40:J40) -> #DIV/0! | L40: =IF(K40<=G40,"SI","NO ") -> #DIV/0!
C41: ON | D41: INVERTIDA | E41: CERRADO | F41: N.A. | G41: 500 | H41: TOIC1 | I41: TOIC2 | J41: TOIC3 | K41: =AVERAGE(H41:J41) -> #DIV/0! | L41: =IF(K41<=G41,"SI","NO ") -> #DIV/0!
A43: 3.2 | B43: PRUEBA CHASÍS | K43: µA
B44: =+CONCATENATE("Los valores de la tabla se expresan en ",K43) -> Los valores de la tabla se expresan en µA
B46: CHASIS | C46: EQUIPO BAJO PRUEBA | D46: FASE | E46: NEUTRO | F46: TIERRA | G46: MÁXIMO PERMITIDO | H46: VALOR PATRÓN 1 | I46: VALOR PATRÓN 2 | J46: VALOR PATRÓN 3 | K46: PROMEDIO PATRÓN | L46: APTO
C47: ON | D47: INVERTIDA | E47: CERRADO | F47: CERRADO | G47: 500 | H47: COICC1 | I47: COICC2 | J47: COICC3 | K47: =AVERAGE(H47:J47) -> #DIV/0! | L47: =IF(K47<=G47,"SI","NO ") -> #DIV/0!
C48: ON | D48: INVERTIDA | E48: CERRADO | F48: ABIERTO | G48: 500 | H48: COICA1 | I48: COICA2 | J48: COICA3 | K48: =AVERAGE(H48:J48) -> #DIV/0! | L48: =IF(K48<=G48,"SI","NO ") -> #DIV/0!
C49: OFF | D49: INVERTIDA | E49: ABIERTO | F49: ABIERTO | G49: 500 | H49: COIAA1 | I49: COIAA2 | J49: COIAA3 | K49: =AVERAGE(H49:J49) -> #DIV/0! | L49: =IF(K49<=G49,"SI","NO ") -> #DIV/0!
C50: OFF | D50: INVERTIDA | E50: ABIERTO | F50: CERRADO | G50: 500 | H50: COIAC1 | I50: COIAC2 | J50: COIAC3 | K50: =AVERAGE(H50:J50) -> #DIV/0! | L50: =IF(K50<=G50,"SI","NO ") -> #DIV/0!
C51: OFF | D51: OFF | E51: N.A. | F51: ABIERTO | G51: 500 | H51: COOA1 | I51: COOA2 | J51: COOA3 | K51: =AVERAGE(H51:J51) -> #DIV/0! | L51: =IF(K51<=G51,"SI","NO ") -> #DIV/0!
C52: OFF | D52: OFF | E52: N.A. | F52: CERRADO | G52: 500 | H52: COOC1 | I52: COOC2 | J52: COOC3 | K52: =AVERAGE(H52:J52) -> #DIV/0! | L52: =IF(K52<=G52,"SI","NO ") -> #DIV/0!
C53: OFF | D53: NORMAL | E53: ABIERTO | F53: CERRADO | G53: 500 | H53: CONAC1 | I53: CONAC2 | J53: CONAC3 | K53: =AVERAGE(H53:J53) -> #DIV/0! | L53: =IF(K53<=G53,"SI","NO ") -> #DIV/0!
C54: OFF | D54: NORMAL | E54: CERRADO | F54: CERRADO | G54: 500 | H54: CONCC1 | I54: CONCC2 | J54: CONCC3 | K54: =AVERAGE(H54:J54) -> #DIV/0! | L54: =IF(K54<=G54,"SI","NO ") -> #DIV/0!
C55: OFF | D55: NORMAL | E55: CERRADO | F55: ABIERTO | G55: 500 | H55: CONCA1 | I55: CONCA2 | J55: CONCA3 | K55: =AVERAGE(H55:J55) -> #DIV/0! | L55: =IF(K55<=G55,"SI","NO ") -> #DIV/0!
C56: OFF | D56: NORMAL | E56: ABIERTO | F56: ABIERTO | G56: 500 | H56: CONAA1 | I56: CONAA2 | J56: CONAA3 | K56: =AVERAGE(H56:J56) -> #DIV/0! | L56: =IF(K56<=G56,"SI","NO ") -> #DIV/0!
B59: PRUEBA LATIGUILLOS
B60: =+CONCATENATE("Los valores de la tabla se expresan en ",K43) -> Los valores de la tabla se expresan en µA
B62: LATIGUILLOS | C62: EQUIPO BAJO PRUEBA | D62: FASE | E62: NEUTRO | F62: TIERRA | G62: MÁXIMO PERMITIDO | H62: VALOR PATRÓN 1 (AC+DC) | I62: VALOR PATRÓN 2 (AC+DC) | J62: VALOR PATRÓN 2 (AC+DC) | K62: PROMEDIO PATRÓN | L62: APTO
C63: ON | D63: NORMAL | E63: CERRADO | F63: N.A. | G63: 500 | H63: LONC1 | I63: LONC2 | J63: LONC3 | K63: =AVERAGE(H63:J63) -> #DIV/0! | L63: =IF(K63<=G63,"SI","NO ") -> #DIV/0!
C64: OFF | D64: NORMAL | E64: ABIERTO | F64: N.A. | G64: 1000 | H64: LONA1 | I64: LONA2 | J64: LONA3 | K64: =AVERAGE(H64:J64) -> #DIV/0! | L64: =IF(K64<=G64,"SI","NO ") -> #DIV/0!
C65: OFF | D65: OFF | E65: N.A. | F65: N.A. | G65: 500 | H65: LOO1 | I65: LOO2 | J65: LOO3 | K65: =AVERAGE(H65:J65) -> #DIV/0! | L65: =IF(K65<=G65,"SI","NO ") -> #DIV/0!
C66: OFF | D66: INVERTIDA | E66: ABIERTO | F66: N.A. | G66: 1000 | H66: LOIA1 | I66: LOIA2 | J66: LOIA3 | K66: =AVERAGE(H66:J66) -> #DIV/0! | L66: =IF(K66<=G66,"SI","NO ") -> #DIV/0!
C67: ON | D67: INVERTIDA | E67: CERRADO | F67: N.A. | G67: 500 | H67: LOIC1 | I67: LOIC2 | J67: LOIC3 | K67: =AVERAGE(H67:J67) -> #DIV/0! | L67: =IF(K67<=G67,"SI","NO ") -> #DIV/0!
A69: OBSERVACIONES
A70: Se deja el equipo en buenas condiciones de funcionalidad.
K72: Personal: | N72: Ingeniera Biomédica
K73: Mauricio Francisco Córdova Torres | N73: Ingeniero Electrónico
A74: Instrumentos Utilizados: | C74: PB-13 Analizador de seguridad eléctrica Fluke ESA 615 | K74: Daniela Gómez Alzate | N74: Profesión
K75: Seleccione
A76: Elaboró: | G76: Revisó:
A80: Mauricio Francisco Córdova Torres | G80: Sandra Milena Pérez Buitrago
A81: Ingeniero Electrónico | G81: PhD, Bioingeniera
G82: Jefe de Laboratorio

Sheet Patrones
B3: CÓDIGO | C3: DESCRIPCIÓN | D3: FECHA CAL | E3: CERTIFICADO DE CALIBRACIÓN | F3: PROVEEDOR
B4: PB-12 | C4: PB-12 Analizador de seguridad eléctrica Fluke ESA 615 | D4: J10804-21 | E4: 44306 | F4: SET&GAD
B5: PB-13 | C5: PB-13 Analizador de seguridad eléctrica Fluke ESA 615 | D5: J0908-21 | E5: 44411 | F5: SET&GAD
B6: PB-14 | C6: PB-14 Analizador de seguridad eléctrica Fluke ESA 615 | D6: J10904-21 | E6: 44306 | F6: SET&GAD
B7: PB-15 | C7: PB-15 Analizador de seguridad eléctrica Fluke ESA 615 | D7: J1008-21 | E7: 44411 | F7: SET&GAD

Sheet Clasificación
A1: Según el tipo de protección contra descargas eléctricas
A2: A) Equipo alimentado internamente
A3: B) Equipo alimentado por una fuente externa de energía eléctrica.
A4: Equipo de clase I
A5: Incluye una medida de seguridad consistente en el conexionado del equipo conductor de protección a tierra, que forma parte del cableado fijo de la instalación, de forma que las partes accesibles no puedan hacerse activas en caso de fallo del aislamiento básico).
A6: Equipo de clase II
A7: Aislamiento doble o aislamiento reforzado, no existiendo provisión de puesta a tierra y confiando en las condiciones de la instalación.
A8: Según el grado de protección contra descargas eléctricas
A9: Equipo de Tipo B (protección contra descargas eléctricas, particularmente con la
A10: Corriente de fuga permisible, y la fiabilidad de la conexión a tierra si la hubiese).
A11: Equipo de Tipo BF (equipo de tipo B, con parte aplicable de tipo F; flotante, parte
A12: Aplicable aislada de todas las otras partes del equipo).
... A14: Descargas eléctricas, que el equipo tipo BF, particularmente en relación con la corriente de fuga permisible, y dispone de una parte aplicable tipo F).

Sheet Versiones
C1: =+Informe!C1 -> FR-014 - V01
C2: =+Informe!C2 -> INFORME DE PRUEBA DE SEGURIDAD ELÉCTRICA
A4: Versión | B4: Descripción | E4: Responsables
A5: 1 | B5: Versión inicial. | E5: Elaboró: Daniela Gómez Alzate 2022-02-24 Aprobó: Sandra M. Pérez 2022-02-24

Sheet DV-IDENTITY-0
A1: =IF(Datos!1:1,"AAAAAF/d7gA=",0) -> 0 | B1: =AND(Datos!A1,"AAAAAF/d7gE=") -> #VALUE! | C1: =AND(Datos!B1,"AAAAAF/d7gI=") -> #VALUE! | D1: =AND(Datos!C1,"AAAAAF/d7gM=") -> #VALUE! | E1: =AND(Datos!D1,"AAAAAF/d7gQ=") -> #VALUE! | F1: =AND(Datos!E1,"AAAAAF/d7gU=") -> #VALUE! | G1: =AND(Datos!F1,"AAAAAF/d7gY=") -> #VALUE! | H1: =AND(Datos!G1,"AAAAAF/d7gc=") -> #VALUE! | I1: =AND(Datos!H1,"AAAAAF/d7gg=") -> #VALUE! | J1: =AND(Datos!I1,"AAAAAF/d7gk=") -> #VALUE! | K1: =AND(Datos!J1,"AAAAAF/d7go=") -> #VALUE! | L1: =AND(Datos!K1,"AAAAAF/d7gs=") -> #VALUE! | M1: =AND(Datos!L1,"AAAAAF/d7gw=") -> #VALUE! | N1: =AND(Datos!M1,"AAAAAF/d7g0=") -> #VALUE! | O1: =AND(Datos!N1,"AAAAAF/d7g4=") -> #VALUE! | P1: =AND(Datos!O1,"AAAAAF/d7g8=") -> #VALUE! | Q1: =AND(Datos!P1,"AAAAAF/d7hA=") -> #VALUE! | R1: =AND(Datos!Q1,"AAAAAF/d7hE=") -> #VALUE! | S1: =AND(Datos!R1,"AAAAAF/d7hI=") -> #VALUE! | T1: =AND(Datos!S1,"AAAAAF/d7hM=") -> #VALUE! | U1: =AND(Datos!T1,"AAAAAF/d7hQ=") -> #VALUE! | V1: =AND(Datos!U1,"AAAAAF/d7hU=") -> #VALUE! | W1: =AND(Datos!V1,"AAAAAF/d7hY=") -> #VALUE! | X1: =AND(Datos!W1,"AAAAAF/d7hc=") -> #VALUE! | Y1: =IF(Datos!#REF!,"AAAAAF/d7hg=",0) -> #REF! | Z1: =AND(Datos!#REF!,"AAAAAF/d7hk=") -> #REF! | AA1: =AND(Datos!#REF!,"AAAAAF/d7ho=") -> #REF! | AB1: =AND(Datos!#REF!,"AAAAAF/d7hs=") -> #REF! | AC1: =AND(Datos!#REF!,"AAAAAF/d7hw=") -> #REF! | AD1: =AND(Datos!#REF!,"AAAAAF/d7h0=") -> #REF! | AE1: =AND(Datos!#REF!,"AAAAAF/d7h4=") -> #REF! | AF1: =AND(Datos!#REF!,"AAAAAF/d7h8=") -> #REF! | AG1: =AND(Datos!#REF!,"AAAAAF/d7iA=") -> #REF! | AH1: =AND(Datos!#REF!,"AAAAAF/d7iE=") -> #REF! | AI1: =AND(Datos!#REF!,"AAAAAF/d7iI=") -> #REF! | AJ1: =AND(Datos!#REF!,"AAAAAF/d7iM=") -> #REF! | AK1: =AND(Datos!#REF!,"AAAAAF/d7iQ=") -> #REF! | AL1: =AND(Datos!#REF!,"AAAAAF/d7iU=") -> #REF! | AM1: =AND(Datos!#REF!,"AAAAAF/d7iY=") -> #REF! | AN1: =AND(Datos!#REF!,"AAAAAF/d7ic=") -> #REF! | AO1: =AND(Datos!#REF!,"AAAAAF/d7ig=") -> #REF! | AP1: =AND(Datos!#REF!,"AAAAAF/d7ik=") -> #REF! | AQ1: =AND(Datos!#REF!,"AAAAAF/d7io=") -> #REF! | AR1: =AND(Datos!#REF!,"AAAAAF/d7is=") -> #REF! | AS1: =AND(Datos!#REF!,"AAAAAF/d7iw=") -> #REF! | AT1: =AND(Datos!#REF!,"AAAAAF/d7i0=") -> #REF! | AU1: =AND(Datos!#REF!,"AAAAAF/d7i4=") -> #REF! | AV1: =AND(Datos!#REF!,"AAAAAF/d7i8=") -> #REF! | AW1: =IF(Datos!#REF!,"AAAAAF/d7jA=",0) -> #REF! | AX1: =AND(Datos!#REF!,"AAAAAF/d7jE=") -> #REF! | AY1: =AND(Datos!#REF!,"AAAAAF/d7jI=") -> #REF! | AZ1: =AND(Datos!#REF!,"AAAAAF/d7jM=") -> #REF! | BA1: =AND(Datos!#REF!,"AAAAAF/d7jQ=") -> #REF! | BB1: =AND(Datos!#REF!,"AAAAAF/d7jU=") -> #REF! | BC1: =AND(Datos!#REF!,"AAAAAF/d7jY=") -> #REF! | BD1: =AND(Datos!#REF!,"AAAAAF/d7jc=") -> #REF! | BE1: =AND(Datos!#REF!,"AAAAAF/d7jg=") -> #REF! | BF1: =AND(Datos!#REF!,"AAAAAF/d7jk=") -> #REF! | BG1: =AND(Datos!#REF!,"AAAAAF/d7jo=") -> #REF! | BH1: =AND(Datos!#REF!,"AAAAAF/d7js=") -> #REF! | BI1: =AND(Datos!#REF!,"AAAAAF/d7jw=") -> #REF! | BJ1: =AND(Datos!#REF!,"AAAAAF/d7j0=") -> #REF! | BK1: =AND(Datos!#REF!,"AAAAAF/d7j4=") -> #REF! | BL1: =AND(Datos!#REF!,"AAAAAF/d7j8=") -> #REF! | BM1: =AND(Datos!#REF!,"AAAAAF/d7kA=") -> #REF! | BN1: =AND(Datos!#REF!,"AAAAAF/d7kE=") -> #REF! | BO1: =AND(Datos!#REF!,"AAAAAF/d7kI=") -> #REF! | BP1: =AND(Datos!#REF!,"AAAAAF/d7kM=") -> #REF! | BQ1: =AND(Datos!#REF!,"AAAAAF/d7kQ=") -> #REF! | BR1: =AND(Datos!#REF!,"AAAAAF/d7kU=") -> #REF! | BS1: =AND(Datos!#REF!,"AAAAAF/d7kY=") -> #REF! | BT1: =AND(Datos!#REF!,"AAAAAF/d7kc=") -> #REF! | BU1: =IF(Datos!#REF!,"AAAAAF/d7kg=",0) -> #REF! | BV1: =AND(Datos!#REF!,"AAAAAF/d7kk=") -> #REF! | BW1: =AND(Datos!#REF!,"AAAAAF/d7ko=") -> #REF! | BX1: =AND(Datos!#REF!,"AAAAAF/d7ks=") -> #REF! | BY1: =AND(Datos!#REF!,"AAAAAF/d7kw=") -> #REF! | BZ1: =AND(Datos!#REF!,"AAAAAF/d7k0=") -> #REF! | CA1: =AND(Datos!#REF!,"AAAAAF/d7k4=") -> #REF! | CB1: =AND(Datos!#REF!,"AAAAAF/d7k8=") -> #REF! | CC1: =AND(Datos!#REF!,"AAAAAF/d7lA=") -> #REF! | CD1: =AND(Datos!#REF!,"AAAAAF/d7lE=") -> #REF! | CE1: =AND(Datos!#REF!,"AAAAAF/d7lI=") -> #REF! | CF1: =AND(Datos!#REF!,"AAAAAF/d7lM=") -> #REF! | CG1: =AND(Datos!#REF!,"AAAAAF/d7lQ=") -> #REF! | CH1: =AND(Datos!#REF!,"AAAAAF/d7lU=") -> #REF! | CI1: =AND(Datos!#REF!,"AAAAAF/d7lY=") -> #REF! | CJ1: =AND(Datos!#REF!,"AAAAAF/d7lc=") -> #REF! | CK1: =AND(Datos!#REF!,"AAAAAF/d7lg=") -> #REF! | CL1: =AND(Datos!#REF!,"AAAAAF/d7lk=") -> #REF! | CM1: =AND(Datos!#REF!,"AAAAAF/d7lo=") -> #REF! | CN1: =AND(Datos!#REF!,"AAAAAF/d7ls=") -> #REF! | CO1: =AND(Datos!#REF!,"AAAAAF/d7lw=") -> #REF! | CP1: =AND(Datos!#REF!,"AAAAAF/d7l0=") -> #REF! | CQ1: =AND(Datos!#REF!,"AAAAAF/d7l4=") -> #REF! | CR1: =AND(Datos!#REF!,"AAAAAF/d7l8=") -> #REF! | CS1: =IF(Datos!2:2,"AAAAAF/d7mA=",0) -> 0 | CT1: =AND(Datos!A2,"AAAAAF/d7mE=") -> #VALUE! | CU1: =AND(Datos!B2,"AAAAAF/d7mI=") -> #VALUE! | CV1: =AND(Datos!C2,"AAAAAF/d7mM=") -> #VALUE! | CW1: =AND(Datos!D2,"AAAAAF/d7mQ=") -> #VALUE! | CX1: =AND(Datos!E2,"AAAAAF/d7mU=") -> #VALUE! | CY1: =AND(Datos!F2,"AAAAAF/d7mY=") -> #VALUE! | CZ1: =AND(Datos!G2,"AAAAAF/d7mc=") -> #VALUE! | DA1: =AND(Datos!H2,"AAAAAF/d7mg=") -> #VALUE! | DB1: =AND(Datos!I2,"AAAAAF/d7mk=") -> #VALUE! | DC1: =AND(Datos!J2,"AAAAAF/d7mo=") -> #VALUE! | DD1: =AND(Datos!K2,"AAAAAF/d7ms=") -> #VALUE! | DE1: =AND(Datos!L2,"AAAAAF/d7mw=") -> #VALUE! | DF1: =AND(Datos!M2,"AAAAAF/d7m0=") -> #VALUE! | DG1: =AND(Datos!N2,"AAAAAF/d7m4=") -> #VALUE! | DH1: =AND(Datos!O2,"AAAAAF/d7m8=") -> #VALUE! | DI1: =AND(Datos!P2,"AAAAAF/d7nA=") -> #VALUE! | DJ1: =AND(Datos!Q2,"AAAAAF/d7nE=") -> #VALUE! | DK1: =AND(Datos!R2,"AAAAAF/d7nI=") -> #VALUE! | DL1: =AND(Datos!S2,"AAAAAF/d7nM=") -> #VALUE! | DM1: =AND(Datos!T2,"AAAAAF/d7nQ=") -> #VALUE! | DN1: =AND(Datos!U2,"AAAAAF/d7nU=") -> #VALUE! | DO1: =AND(Datos!V2,"AAAAAF/d7nY=") -> #VALUE! | DP1: =AND(Datos!W2,"AAAAAF/d7nc=") -> #VALUE! | DQ1: =IF(_xlfn.SINGLE(Datos!#REF!),"AAAAAF/d7ng=",0) -> #NAME? | DR1: =AND(Datos!#REF!,"AAAAAF/d7nk=") -> #REF! | DS1: =AND(Datos!#REF!,"AAAAAF/d7no=") -> #REF! | DT1: =AND(Datos!#REF!,"AAAAAF/d7ns=") -> #REF! | DU1: =AND(Datos!#REF!,"AAAAAF/d7nw=") -> #REF! | DV1: =AND(Datos!#REF!,"AAAAAF/d7n0=") -> #REF! | DW1: =AND(Datos!#REF!,"AAAAAF/d7n4=") -> #REF! | DX1: =AND(Datos!#REF!,"AAAAAF/d7n8=") -> #REF! | DY1: =AND(Datos!#REF!,"AAAAAF/d7oA=") -> #REF! | DZ1: =AND(Datos!#REF!,"AAAAAF/d7oE=") -> #REF! | EA1: =AND(Datos!#REF!,"AAAAAF/d7oI=") -> #REF! | EB1: =AND(Datos!#REF!,"AAAAAF/d7oM=") -> #REF! | EC1: =AND(Datos!#REF!,"AAAAAF/d7oQ=") -> #REF! | ED1: =AND(Datos!#REF!,"AAAAAF/d7oU=") -> #REF! | EE1: =AND(Datos!#REF!,"AAAAAF/d7oY=") -> #REF! | EF1: =AND(Datos!#REF!,"AAAAAF/d7oc=") -> #REF! | EG1: =AND(Datos!#REF!,"AAAAAF/d7og=") -> #REF! | EH1: =AND(Datos!#REF!,"AAAAAF/d7ok=") -> #REF! | EI1: =AND(Datos!#REF!,"AAAAAF/d7oo=") -> #REF! | EJ1: =AND(Datos!#REF!,"AAAAAF/d7os=") -> #REF! | EK1: =AND(Datos!#REF!,"AAAAAF/d7ow=") -> #REF! | EL1: =AND(Datos!#REF!,"AAAAAF/d7o0=") -> #REF! | EM1: =AND(Datos!#REF!,"AAAAAF/d7o4=") -> #REF! | EN1: =AND(Datos!#REF!,"AAAAAF/d7o8=") -> #REF! | EO1: =IF(Datos!3:3,"AAAAAF/d7pA=",0) -> 0 | EP1: =AND(Datos!A3,"AAAAAF/d7pE=") -> #VALUE! | EQ1: =AND(Datos!B3,"AAAAAF/d7pI=") -> #VALUE! | ER1: =AND(Datos!C3,"AAAAAF/d7pM=") -> #VALUE! | ES1: =AND(Datos!D3,"AAAAAF/d7pQ=") -> #VALUE! | ET1: =AND(Datos!E3,"AAAAAF/d7pU=") -> #VALUE! | EU1: =AND(Datos!F3,"AAAAAF/d7pY=") -> #VALUE! | EV1: =AND(Datos!G3,"AAAAAF/d7pc=") -> #VALUE! | EW1: =AND(Datos!H3,"AAAAAF/d7pg=") -> #VALUE! | EX1: =AND(Datos!I3,"AAAAAF/d7pk=") -> #VALUE! | EY1: =AND(Datos!J3,"AAAAAF/d7po=") -> #VALUE! | EZ1: =AND(Datos!K3,"AAAAAF/d7ps=") -> #VALUE! | FA1: =AND(Datos!L3,"AAAAAF/d7pw=") -> #VALUE! | FB1: =AND(Datos!M3,"AAAAAF/d7p0=") -> #VALUE! | FC1: =AND(Datos!N3,"AAAAAF/d7p4=") -> #VALUE! | FD1: =AND(Datos!O3,"AAAAAF/d7p8=") -> #VALUE! | FE1: =AND(Datos!P3,"AAAAAF/d7qA=") -> #VALUE! | FF1: =AND(Datos!Q3,"AAAAAF/d7qE=") -> #VALUE! | FG1: =AND(Datos!R3,"AAAAAF/d7qI=") -> #VALUE! | FH1: =AND(Datos!S3,"AAAAAF/d7qM=") -> #VALUE! | FI1: =AND(Datos!T3,"AAAAAF/d7qQ=") -> #VALUE! | FJ1: =AND(Datos!U3,"AAAAAF/d7qU=") -> #VALUE! | FK1: =AND(Datos!V3,"AAAAAF/d7qY=") -> #VALUE! | FL1: =AND(Datos!W3,"AAAAAF/d7qc=") -> #VALUE! | FM1: =IF(Datos!4:4,"AAAAAF/d7qg=",0) -> 0 | FN1: =AND(Datos!A4,"AAAAAF/d7qk=") -> #VALUE! | FO1: =AND(Datos!B4,"AAAAAF/d7qo=") -> #VALUE! | FP1: =AND(Datos!C4,"AAAAAF/d7qs=") -> #VALUE! | FQ1: =AND(Datos!D4,"AAAAAF/d7qw=") -> #VALUE! | FR1: =AND(Datos!E4,"AAAAAF/d7q0=") -> #VALUE! | FS1: =AND(Datos!F4,"AAAAAF/d7q4=") -> #VALUE! | FT1: =AND(Datos!G4,"AAAAAF/d7q8=") -> #VALUE! | FU1: =AND(Datos!H4,"AAAAAF/d7rA=") -> #VALUE! | FV1: =AND(Datos!I4,"AAAAAF/d7rE=") -> #VALUE! | FW1: =AND(Datos!J4,"AAAAAF/d7rI=") -> #VALUE! | FX1: =AND(Datos!K4,"AAAAAF/d7rM=") -> #VALUE! | FY1: =AND(Datos!L4,"AAAAAF/d7rQ=") -> #VALUE! | FZ1: =AND(Datos!M4,"AAAAAF/d7rU=") -> #VALUE! | GA1: =AND(Datos!N4,"AAAAAF/d7rY=") -> #VALUE! | GB1: =AND(Datos!O4,"AAAAAF/d7rc=") -> #VALUE! | GC1: =AND(Datos!P4,"AAAAAF/d7rg=") -> #VALUE! | GD1: =AND(Datos!Q4,"AAAAAF/d7rk=") -> #VALUE! | GE1: =AND(Datos!R4,"AAAAAF/d7ro=") -> #VALUE! | GF1: =AND(Datos!S4,"AAAAAF/d7rs=") -> #VALUE! | GG1: =AND(Datos!T4,"AAAAAF/d7rw=") -> #VALUE! | GH1: =AND(Datos!U4,"AAAAAF/d7r0=") -> #VALUE! | GI1: =AND(Datos!V4,"AAAAAF/d7r4=") -> #VALUE! | GJ1: =AND(Datos!W4,"AAAAAF/d7r8=") -> #VALUE! | GK1: =IF(Datos!5:5,"AAAAAF/d7sA=",0) -> 0 | GL1: =AND(Datos!A5,"AAAAAF/d7sE=") -> #VALUE! | GM1: =AND(Datos!B5,"AAAAAF/d7sI=") -> #VALUE! | GN1: =AND(Datos!C5,"AAAAAF/d7sM=") -> #VALUE! | GO1: =AND(Datos!D5,"AAAAAF/d7sQ=") -> #VALUE! | GP1: =AND(Datos!E5,"AAAAAF/d7sU=") -> #VALUE! | GQ1: =AND(Datos!F5,"AAAAAF/d7sY=") -> #VALUE! | GR1: =AND(Datos!G5,"AAAAAF/d7sc=") -> #VALUE! | GS1: =AND(Datos!H5,"AAAAAF/d7sg=") -> #VALUE! | GT1: =AND(Datos!I5,"AAAAAF/d7sk=") -> #VALUE! | GU1: =AND(Datos!J5,"AAAAAF/d7so=") -> #VALUE! | GV1: =AND(Datos!K5,"AAAAAF/d7ss=") -> #VALUE! | GW1: =AND(Datos!L5,"AAAAAF/d7sw=") -> #VALUE! | GX1: =AND(Datos!M5,"AAAAAF/d7s0=") -> #VALUE! | GY1: =AND(Datos!N5,"AAAAAF/d7s4=") -> #VALUE! | GZ1: =AND(Datos!O5,"AAAAAF/d7s8=") -> #VALUE! | HA1: =AND(Datos!P5,"AAAAAF/d7tA=") -> #VALUE! | HB1: =AND(Datos!Q5,"AAAAAF/d7tE=") -> #VALUE! | HC1: =AND(Datos!R5,"AAAAAF/d7tI=") -> #VALUE! | HD1: =AND(Datos!S5,"AAAAAF/d7tM=") -> #VALUE! | HE1: =AND(Datos!T5,"AAAAAF/d7tQ=") -> #VALUE! | HF1: =AND(Datos!U5,"AAAAAF/d7tU=") -> #VALUE! | HG1: =AND(Datos!V5,"AAAAAF/d7tY=") -> #VALUE! | HH1: =AND(Datos!W5,"AAAAAF/d7tc=") -> #VALUE! | HI1: =IF(Datos!6:6,"AAAAAF/d7tg=",0) -> 0 | HJ1: =AND(Datos!A6,"AAAAAF/d7tk=") -> #VALUE! | HK1: =AND(Datos!B6,"AAAAAF/d7to=") -> #VALUE! | HL1: =AND(Datos!C6,"AAAAAF/d7ts=") -> #VALUE! | HM1: =AND(Datos!D6,"AAAAAF/d7tw=") -> #VALUE! | HN1: =AND(Datos!E6,"AAAAAF/d7t0=") -> #VALUE! | HO1: =AND(Datos!F6,"AAAAAF/d7t4=") -> #VALUE! | HP1: =AND(Datos!G6,"AAAAAF/d7t8=") -> #VALUE! | HQ1: =AND(Datos!H6,"AAAAAF/d7uA=") -> #VALUE! | HR1: =AND(Datos!I6,"AAAAAF/d7uE=") -> #VALUE! | HS1: =AND(Datos!J6,"AAAAAF/d7uI=") -> #VALUE! | HT1: =AND(Datos!K6,"AAAAAF/d7uM=") -> #VALUE! | HU1: =AND(Datos!L6,"AAAAAF/d7uQ=") -> #VALUE! | HV1: =AND(Datos!M6,"AAAAAF/d7uU=") -> #VALUE! | HW1: =AND(Datos!N6,"AAAAAF/d7uY=") -> #VALUE! | HX1: =AND(Datos!O6,"AAAAAF/d7uc=") -> #VALUE! | HY1: =AND(Datos!P6,"AAAAAF/d7ug=") -> #VALUE! | HZ1: =AND(Datos!Q6,"AAAAAF/d7uk=") -> #VALUE! | IA1: =AND(Datos!R6,"AAAAAF/d7uo=") -> #VALUE! | IB1: =AND(Datos!S6,"AAAAAF/d7us=") -> #VALUE! | IC1: =AND(Datos!T6,"AAAAAF/d7uw=") -> #VALUE! | ID1: =AND(Datos!U6,"AAAAAF/d7u0=") -> #VALUE! | IE1: =AND(Datos!V6,"AAAAAF/d7u4=") -> #VALUE! | IF1: =AND(Datos!W6,"AAAAAF/d7u8=") -> #VALUE! | IG1: =IF(Datos!7:7,"AAAAAF/d7vA=",0) -> 0 | IH1: =AND(Datos!A7,"AAAAAF/d7vE=") -> #VALUE! | II1: =AND(Datos!B7,"AAAAAF/d7vI=") -> #VALUE! | IJ1: =AND(Datos!C7,"AAAAAF/d7vM=") -> #VALUE! | IK1: =AND(Datos!D7,"AAAAAF/d7vQ=") -> #VALUE! | IL1: =AND(Datos!E7,"AAAAAF/d7vU=") -> #VALUE! | IM1: =AND(Datos!F7,"AAAAAF/d7vY=") -> #VALUE! | IN1: =AND(Datos!G7,"AAAAAF/d7vc=") -> #VALUE! | IO1: =AND(Datos!H7,"AAAAAF/d7vg=") -> #VALUE! | IP1: =AND(Datos!I7,"AAAAAF/d7vk=") -> #VALUE! | IQ1: =AND(Datos!J7,"AAAAAF/d7vo=") -> #VALUE! | IR1: =AND(Datos!K7,"AAAAAF/d7vs=") -> #VALUE! | IS1: =AND(Datos!L7,"AAAAAF/d7vw=") -> #VALUE! | IT1: =AND(Datos!M7,"AAAAAF/d7v0=") -> #VALUE! | IU1: =AND(Datos!N7,"AAAAAF/d7v4=") -> #VALUE! | IV1: =AND(Datos!O7,"AAAAAF/d7v8=") -> #VALUE!
A2: =AND(Datos!P7,"AAAAAGfv/wA=") -> #VALUE! | B2: =AND(Datos!Q7,"AAAAAGfv/wE=") -> #VALUE! | C2: =AND(Datos!R7,"AAAAAGfv/wI=") -> #VALUE! | D2: =AND(Datos!S7,"AAAAAGfv/wM=") -> #VALUE! | E2: =AND(Datos!T7,"AAAAAGfv/wQ=") -> #VALUE! | F2: =AND(Datos!U7,"AAAAAGfv/wU=") -> #VALUE! | G2: =AND(Datos!V7,"AAAAAGfv/wY=") -> #VALUE! | H2: =AND(Datos!W7,"AAAAAGfv/wc=") -> #VALUE! | I2: =IF(Datos!#REF!,"AAAAAGfv/wg=",0) -> #REF! | J2: =AND(Datos!#REF!,"AAAAAGfv/wk=") -> #REF! | K2: =AND(Datos!#REF!,"AAAAAGfv/wo=") -> #REF! | L2: =AND(Datos!#REF!,"AAAAAGfv/ws=") -> #REF! | M2: =AND(Datos!#REF!,"AAAAAGfv/ww=") -> #REF! | N2: =AND(Datos!#REF!,"AAAAAGfv/w0=") -> #REF! | O2: =AND(Datos!#REF!,"AAAAAGfv/w4=") -> #REF! | P2: =AND(Datos!#REF!,"AAAAAGfv/w8=") -> #REF! | Q2: =AND(Datos!#REF!,"AAAAAGfv/xA=") -> #REF! | R2: =AND(Datos!#REF!,"AAAAAGfv/xE=") -> #REF! | S2: =AND(Datos!#REF!,"AAAAAGfv/xI=") -> #REF! | T2: =AND(Datos!#REF!,"AAAAAGfv/xM=") -> #REF! | U2: =AND(Datos!#REF!,"AAAAAGfv/xQ=") -> #REF! | V2: =AND(Datos!#REF!,"AAAAAGfv/xU=") -> #REF! | W2: =AND(Datos!#REF!,"AAAAAGfv/xY=") -> #REF! | X2: =AND(Datos!#REF!,"AAAAAGfv/xc=") -> #REF! | Y2: =AND(Datos!#REF!,"AAAAAGfv/xg=") -> #REF! | Z2: =AND(Datos!#REF!,"AAAAAGfv/xk=") -> #REF! | AA2: =AND(Datos!#REF!,"AAAAAGfv/xo=") -> #REF! | AB2: =AND(Datos!#REF!,"AAAAAGfv/xs=") -> #REF! | AC2: =AND(Datos!#REF!,"AAAAAGfv/xw=") -> #REF! | AD2: =AND(Datos!#REF!,"AAAAAGfv/x0=") -> #REF! | AE2: =AND(Datos!#REF!,"AAAAAGfv/x4=") -> #REF! | AF2: =AND(Datos!#REF!,"AAAAAGfv/x8=") -> #REF! | AG2: =IF(Datos!13:13,"AAAAAGfv/yA=",0) -> 0 | AH2: =AND(Datos!A13,"AAAAAGfv/yE=") -> #VALUE! | AI2: =AND(Datos!B13,"AAAAAGfv/yI=") -> #VALUE! | AJ2: =AND(Datos!C13,"AAAAAGfv/yM=") -> #VALUE! | AK2: =AND(Datos!D13,"AAAAAGfv/yQ=") -> #VALUE! | AL2: =AND(Datos!E13,"AAAAAGfv/yU=") -> #VALUE! | AM2: =AND(Datos!F13,"AAAAAGfv/yY=") -> #VALUE! | AN2: =AND(Datos!G13,"AAAAAGfv/yc=") -> #VALUE! | AO2: =AND(Datos!H13,"AAAAAGfv/yg=") -> #VALUE! | AP2: =AND(Datos!I13,"AAAAAGfv/yk=") -> #VALUE! | AQ2: =AND(Datos!J13,"AAAAAGfv/yo=") -> #VALUE! | AR2: =AND(Datos!K13,"AAAAAGfv/ys=") -> #VALUE! | AS2: =AND(Datos!L13,"AAAAAGfv/yw=") -> #VALUE! | AT2: =AND(Datos!M13,"AAAAAGfv/y0=") -> #VALUE! | AU2: =AND(Datos!N13,"AAAAAGfv/y4=") -> #VALUE! | AV2: =AND(Datos!O13,"AAAAAGfv/y8=") -> #VALUE! | AW2: =AND(Datos!P13,"AAAAAGfv/zA=") -> #VALUE! | AX2: =AND(Datos!Q13,"AAAAAGfv/zE=") -> #VALUE! | AY2: =AND(Datos!R13,"AAAAAGfv/zI=") -> #VALUE! | AZ2: =AND(Datos!S13,"AAAAAGfv/zM=") -> #VALUE! | BA2: =AND(Datos!T13,"AAAAAGfv/zQ=") -> #VALUE! | BB2: =AND(Datos!U13,"AAAAAGfv/zU=") -> #VALUE! | BC2: =AND(Datos!V13,"AAAAAGfv/zY=") -> #VALUE! | BD2: =AND(Datos!W13,"AAAAAGfv/zc=") -> #VALUE! | BE2: =IF(Datos!16:16,"AAAAAGfv/zg=",0) -> 0 | BF2: =AND(Datos!A16,"AAAAAGfv/zk=") -> #VALUE! | BG2: =AND(Datos!B16,"AAAAAGfv/zo=") -> #VALUE! | BH2: =AND(Datos!C16,"AAAAAGfv/zs=") -> #VALUE! | BI2: =AND(Datos!D16,"AAAAAGfv/zw=") -> #VALUE! | BJ2: =AND(Datos!E16,"AAAAAGfv/z0=") -> #VALUE! | BK2: =AND(Datos!F16,"AAAAAGfv/z4=") -> #VALUE! | BL2: =AND(Datos!G16,"AAAAAGfv/z8=") -> #VALUE! | BM2: =AND(Datos!H16,"AAAAAGfv/0A=") -> #VALUE! | BN2: =AND(Datos!I16,"AAAAAGfv/0E=") -> #VALUE! | BO2: =AND(Datos!J16,"AAAAAGfv/0I=") -> #VALUE! | BP2: =AND(Datos!K16,"AAAAAGfv/0M=") -> #VALUE! | BQ2: =AND(Datos!L16,"AAAAAGfv/0Q=") -> #VALUE! | BR2: =AND(Datos!M16,"AAAAAGfv/0U=") -> #VALUE! | BS2: =AND(Datos!N16,"AAAAAGfv/0Y=") -> #VALUE! | BT2: =AND(Datos!O16,"AAAAAGfv/0c=") -> #VALUE! | BU2: =AND(Datos!P16,"AAAAAGfv/0g=") -> #VALUE! | BV2: =AND(Datos!Q16,"AAAAAGfv/0k=") -> #VALUE! | BW2: =AND(Datos!R16,"AAAAAGfv/0o=") -> #VALUE! | BX2: =AND(Datos!S16,"AAAAAGfv/0s=") -> #VALUE! | BY2: =AND(Datos!T16,"AAAAAGfv/0w=") -> #VALUE! | BZ2: =AND(Datos!U16,"AAAAAGfv/00=") -> #VALUE! | CA2: =AND(Datos!V16,"AAAAAGfv/04=") -> #VALUE! | CB2: =AND(Datos!W16,"AAAAAGfv/08=") -> #VALUE! | CC2: =IF(Datos!17:17,"AAAAAGfv/1A=",0) -> 0 | CD2: =AND(Datos!A17,"AAAAAGfv/1E=") -> #VALUE! | CE2: =AND(Datos!B17,"AAAAAGfv/1I=") -> #VALUE! | CF2: =AND(Datos!C17,"AAAAAGfv/1M=") -> #VALUE! | CG2: =AND(Datos!D17,"AAAAAGfv/1Q=") -> #VALUE! | CH2: =AND(Datos!E17,"AAAAAGfv/1U=") -> #VALUE! | CI2: =AND(Datos!F17,"AAAAAGfv/1Y=") -> #VALUE! | CJ2: =AND(Datos!G17,"AAAAAGfv/1c=") -> #VALUE! | CK2: =AND(Datos!H17,"AAAAAGfv/1g=") -> #VALUE! | CL2: =AND(Datos!I17,"AAAAAGfv/1k=") -> #VALUE! | CM2: =AND(Datos!J17,"AAAAAGfv/1o=") -> #VALUE! | CN2: =AND(Datos!K17,"AAAAAGfv/1s=") -> #VALUE! | CO2: =AND(Datos!L17,"AAAAAGfv/1w=") -> #VALUE! | CP2: =AND(Datos!M17,"AAAAAGfv/10=") -> #VALUE! | CQ2: =AND(Datos!N17,"AAAAAGfv/14=") -> #VALUE! | CR2: =AND(Datos!O17,"AAAAAGfv/18=") -> #VALUE! | CS2: =AND(Datos!P17,"AAAAAGfv/2A=") -> #VALUE! | CT2: =AND(Datos!Q17,"AAAAAGfv/2E=") -> #VALUE! | CU2: =AND(Datos!R17,"AAAAAGfv/2I=") -> #VALUE! | CV2: =AND(Datos!S17,"AAAAAGfv/2M=") -> #VALUE! | CW2: =AND(Datos!T17,"AAAAAGfv/2Q=") -> #VALUE! | CX2: =AND(Datos!U17,"AAAAAGfv/2U=") -> #VALUE! | CY2: =AND(Datos!V17,"AAAAAGfv/2Y=") -> #VALUE! | CZ2: =AND(Datos!W17,"AAAAAGfv/2c=") -> #VALUE! | DA2: =IF(Datos!18:18,"AAAAAGfv/2g=",0) -> 0 | DB2: =AND(Datos!A18,"AAAAAGfv/2k=") -> #VALUE! | DC2: =AND(Datos!B18,"AAAAAGfv/2o=") -> #VALUE! | DD2: =AND(Datos!C18,"AAAAAGfv/2s=") -> #VALUE! | DE2: =AND(Datos!D18,"AAAAAGfv/2w=") -> #VALUE! | DF2: =AND(Datos!E18,"AAAAAGfv/20=") -> #VALUE! | DG2: =AND(Datos!F18,"AAAAAGfv/24=") -> #VALUE! | DH2: =AND(Datos!G18,"AAAAAGfv/28=") -> #VALUE! | DI2: =AND(Datos!H18,"AAAAAGfv/3A=") -> #VALUE! | DJ2: =AND(Datos!I18,"AAAAAGfv/3E=") -> #VALUE! | DK2: =AND(Datos!J18,"AAAAAGfv/3I=") -> #VALUE! | DL2: =AND(Datos!K18,"AAAAAGfv/3M=") -> #VALUE! | DM2: =AND(Datos!L18,"AAAAAGfv/3Q=") -> #VALUE! | DN2: =AND(Datos!M18,"AAAAAGfv/3U=") -> #VALUE! | DO2: =AND(Datos!N18,"AAAAAGfv/3Y=") -> #VALUE! | DP2: =AND(Datos!O18,"AAAAAGfv/3c=") -> #VALUE! | DQ2: =AND(Datos!P18,"AAAAAGfv/3g=") -> #VALUE! | DR2: =AND(Datos!Q18,"AAAAAGfv/3k=") -> #VALUE! | DS2: =AND(Datos!R18,"AAAAAGfv/3o=") -> #VALUE! | DT2: =AND(Datos!S18,"AAAAAGfv/3s=") -> #VALUE! | DU2: =AND(Datos!T18,"AAAAAGfv/3w=") -> #VALUE! | DV2: =AND(Datos!U18,"AAAAAGfv/30=") -> #VALUE! | DW2: =AND(Datos!V18,"AAAAAGfv/34=") -> #VALUE! | DX2: =AND(Datos!W18,"AAAAAGfv/38=") -> #VALUE! | DY2: =IF(Datos!19:19,"AAAAAGfv/4A=",0) -> 0 | DZ2: =AND(Datos!A19,"AAAAAGfv/4E=") -> #VALUE! | EA2: =AND(Datos!B19,"AAAAAGfv/4I=") -> #VALUE! | EB2: =AND(Datos!C19,"AAAAAGfv/4M=") -> #VALUE! | EC2: =AND(Datos!D19,"AAAAAGfv/4Q=") -> #VALUE! | ED2: =AND(Datos!E19,"AAAAAGfv/4U=") -> #VALUE! | EE2: =AND(Datos!F19,"AAAAAGfv/4Y=") -> #VALUE! | EF2: =AND(Datos!G19,"AAAAAGfv/4c=") -> #VALUE! | EG2: =AND(Datos!H19,"AAAAAGfv/4g=") -> #VALUE! | EH2: =AND(Datos!I19,"AAAAAGfv/4k=") -> #VALUE! | EI2: =AND(Datos!J19,"AAAAAGfv/4o=") -> #VALUE! | EJ2: =AND(Datos!K19,"AAAAAGfv/4s=") -> #VALUE! | EK2: =AND(Datos!L19,"AAAAAGfv/4w=") -> #VALUE! | EL2: =AND(Datos!M19,"AAAAAGfv/40=") -> #VALUE! | EM2: =AND(Datos!N19,"AAAAAGfv/44=") -> #VALUE! | EN2: =AND(Datos!O19,"AAAAAGfv/48=") -> #VALUE! | EO2: =AND(Datos!P19,"AAAAAGfv/5A=") -> #VALUE! | EP2: =AND(Datos!Q19,"AAAAAGfv/5E=") -> #VALUE! | EQ2: =AND(Datos!R19,"AAAAAGfv/5I=") -> #VALUE! | ER2: =AND(Datos!S19,"AAAAAGfv/5M=") -> #VALUE! | ES2: =AND(Datos!T19,"AAAAAGfv/5Q=") -> #VALUE! | ET2: =AND(Datos!U19,"AAAAAGfv/5U=") -> #VALUE! | EU2: =AND(Datos!V19,"AAAAAGfv/5Y=") -> #VALUE! | EV2: =AND(Datos!W19,"AAAAAGfv/5c=") -> #VALUE! | EW2: =IF(Datos!20:20,"AAAAAGfv/5g=",0) -> 0 | EX2: =AND(Datos!A20,"AAAAAGfv/5k=") -> #VALUE! | EY2: =AND(Datos!B20,"AAAAAGfv/5o=") -> #VALUE! | EZ2: =AND(Datos!C20,"AAAAAGfv/5s=") -> #VALUE! | FA2: =AND(Datos!D20,"AAAAAGfv/5w=") -> #VALUE! | FB2: =AND(Datos!E20,"AAAAAGfv/50=") -> #VALUE! | FC2: =AND(Datos!#REF!,"AAAAAGfv/54=") -> #REF! | FD2: =AND(Datos!#REF!,"AAAAAGfv/58=") -> #REF! | FE2: =AND(Datos!F20,"AAAAAGfv/6A=") -> #VALUE! | FF2: =AND(Datos!I20,"AAAAAGfv/6E=") -> #VALUE! | FG2: =AND(Datos!J20,"AAAAAGfv/6I=") -> #VALUE! | FH2: =AND(Datos!K20,"AAAAAGfv/6M=") -> #VALUE! | FI2: =AND(Datos!L20,"AAAAAGfv/6Q=") -> #VALUE! | FJ2: =AND(Datos!M20,"AAAAAGfv/6U=") -> #VALUE! | FK2: =AND(Datos!N20,"AAAAAGfv/6Y=") -> #VALUE! | FL2: =AND(Datos!O20,"AAAAAGfv/6c=") -> #VALUE! | FM2: =AND(Datos!P20,"AAAAAGfv/6g=") -> #VALUE! | FN2: =AND(Datos!Q20,"AAAAAGfv/6k=") -> #VALUE! | FO2: =AND(Datos!R20,"AAAAAGfv/6o=") -> #VALUE! | FP2: =AND(Datos!S20,"AAAAAGfv/6s=") -> #VALUE! | FQ2: =AND(Datos!T20,"AAAAAGfv/6w=") -> #VALUE! | FR2: =AND(Datos!U20,"AAAAAGfv/60=") -> #VALUE! | FS2: =AND(Datos!V20,"AAAAAGfv/64=") -> #VALUE! | FT2: =AND(Datos!W20,"AAAAAGfv/68=") -> #VALUE! | FU2: =IF(Datos!21:21,"AAAAAGfv/7A=",0) -> 0 | FV2: =AND(Datos!A21,"AAAAAGfv/7E=") -> #VALUE! | FW2: =AND(Datos!B21,"AAAAAGfv/7I=") -> #VALUE! | FX2: =AND(Datos!C21,"AAAAAGfv/7M=") -> #VALUE! | FY2: =AND(Datos!D21,"AAAAAGfv/7Q=") -> #VALUE! | FZ2: =AND(Datos!E21,"AAAAAGfv/7U=") -> #VALUE! | GA2: =AND(Datos!#REF!,"AAAAAGfv/7Y=") -> #REF! | GB2: =AND(Datos!#REF!,"AAAAAGfv/7c=") -> #REF! | GC2: =AND(Datos!F21,"AAAAAGfv/7g=") -> #VALUE! | GD2: =AND(Datos!I21,"AAAAAGfv/7k=") -> #VALUE! | GE2: =AND(Datos!J21,"AAAAAGfv/7o=") -> #VALUE! | GF2: =AND(Datos!K21,"AAAAAGfv/7s=") -> #VALUE! | GG2: =AND(Datos!L21,"AAAAAGfv/7w=") -> #VALUE! | GH2: =AND(Datos!M21,"AAAAAGfv/70=") -> #VALUE! | GI2: =AND(Datos!N21,"AAAAAGfv/74=") -> #VALUE! | GJ2: =AND(Datos!O21,"AAAAAGfv/78=") -> #VALUE! | GK2: =AND(Datos!P21,"AAAAAGfv/8A=") -> #VALUE! | GL2: =AND(Datos!Q21,"AAAAAGfv/8E=") -> #VALUE! | GM2: =AND(Datos!R21,"AAAAAGfv/8I=") -> #VALUE! | GN2: =AND(Datos!S21,"AAAAAGfv/8M=") -> #VALUE! | GO2: =AND(Datos!T21,"AAAAAGfv/8Q=") -> #VALUE! | GP2: =AND(Datos!U21,"AAAAAGfv/8U=") -> #VALUE! | GQ2: =AND(Datos!V21,"AAAAAGfv/8Y=") -> #VALUE! | GR2: =AND(Datos!W21,"AAAAAGfv/8c=") -> #VALUE! | GS2: =IF(Datos!22:22,"AAAAAGfv/8g=",0) -> 0 | GT2: =AND(Datos!A22,"AAAAAGfv/8k=") -> #VALUE! | GU2: =AND(Datos!B22,"AAAAAGfv/8o=") -> #VALUE! | GV2: =AND(Datos!C22,"AAAAAGfv/8s=") -> #VALUE! | GW2: =AND(Datos!D22,"AAAAAGfv/8w=") -> #VALUE! | GX2: =AND(Datos!E22,"AAAAAGfv/80=") -> #VALUE! | GY2: =AND(Datos!F22,"AAAAAGfv/84=") -> #VALUE! | GZ2: =AND(Datos!G22,"AAAAAGfv/88=") -> #VALUE! | HA2: =AND(Datos!H22,"AAAAAGfv/9A=") -> #VALUE! | HB2: =AND(Datos!I22,"AAAAAGfv/9E=") -> #VALUE! | HC2: =AND(Datos!J22,"AAAAAGfv/9I=") -> #VALUE! | HD2: =AND(Datos!K22,"AAAAAGfv/9M=") -> #VALUE! | HE2: =AND(Datos!L22,"AAAAAGfv/9Q=") -> #VALUE! | HF2: =AND(Datos!M22,"AAAAAGfv/9U=") -> #VALUE! | HG2: =AND(Datos!N22,"AAAAAGfv/9Y=") -> #VALUE! | HH2: =AND(Datos!O22,"AAAAAGfv/9c=") -> #VALUE! | HI2: =AND(Datos!P22,"AAAAAGfv/9g=") -> #VALUE! | HJ2: =AND(Datos!Q22,"AAAAAGfv/9k=") -> #VALUE! | HK2: =AND(Datos!R22,"AAAAAGfv/9o=") -> #VALUE! | HL2: =AND(Datos!S22,"AAAAAGfv/9s=") -> #VALUE! | HM2: =AND(Datos!T22,"AAAAAGfv/9w=") -> #VALUE! | HN2: =AND(Datos!U22,"AAAAAGfv/90=") -> #VALUE! | HO2: =AND(Datos!V22,"AAAAAGfv/94=") -> #VALUE! | HP2: =AND(Datos!W22,"AAAAAGfv/98=") -> #VALUE! | HQ2: =IF(Datos!23:23,"AAAAAGfv/+A=",0) -> 0 | HR2: =AND(Datos!A23,"AAAAAGfv/+E=") -> #VALUE! | HS2: =AND(Datos!B23,"AAAAAGfv/+I=") -> #VALUE! | HT2: =AND(Datos!C23,"AAAAAGfv/+M=") -> #VALUE! | HU2: =AND(Datos!D23,"AAAAAGfv/+Q=") -> #VALUE! | HV2: =AND(Datos!E23,"AAAAAGfv/+U=") -> #VALUE! | HW2: =AND(Datos!F23,"AAAAAGfv/+Y=") -> #VALUE! | HX2: =AND(Datos!G23,"AAAAAGfv/+c=") -> #VALUE! | HY2: =AND(Datos!H23,"AAAAAGfv/+g=") -> #VALUE! | HZ2: =AND(Datos!I23,"AAAAAGfv/+k=") -> #VALUE! | IA2: =AND(Datos!J23,"AAAAAGfv/+o=") -> #VALUE! | IB2: =AND(Datos!K23,"AAAAAGfv/+s=") -> #VALUE! | IC2: =AND(Datos!L23,"AAAAAGfv/+w=") -> #VALUE! | ID2: =AND(Datos!M23,"AAAAAGfv/+0=") -> #VALUE! | IE2: =AND(Datos!N23,"AAAAAGfv/+4=") -> #VALUE! | IF2: =AND(Datos!O23,"AAAAAGfv/+8=") -> #VALUE! | IG2: =AND(Datos!P23,"AAAAAGfv//A=") -> #VALUE! | IH2: =AND(Datos!Q23,"AAAAAGfv//E=") -> #VALUE! | II2: =AND(Datos!R23,"AAAAAGfv//I=") -> #VALUE! | IJ2: =AND(Datos!S23,"AAAAAGfv//M=") -> #VALUE! | IK2: =AND(Datos!T23,"AAAAAGfv//Q=") -> #VALUE! | IL2: =AND(Datos!U23,"AAAAAGfv//U=") -> #VALUE! | IM2: =AND(Datos!V23,"AAAAAGfv//Y=") -> #VALUE! | IN2: =AND(Datos!W23,"AAAAAGfv//c=") -> #VALUE! | IO2: =IF(Datos!24:24,"AAAAAGfv//g=",0) -> 0 | IP2: =AND(Datos!A24,"AAAAAGfv//k=") -> #VALUE! | IQ2: =AND(Datos!B24,"AAAAAGfv//o=") -> #VALUE! | IR2: =AND(Datos!C24,"AAAAAGfv//s=") -> #VALUE! | IS2: =AND(Datos!D24,"AAAAAGfv//w=") -> #VALUE! | IT2: =AND(Datos!E24,"AAAAAGfv//0=") -> #VALUE! | IU2: =AND(Datos!F24,"AAAAAGfv//4=") -> #VALUE! | IV2: =AND(Datos!G24,"AAAAAGfv//8=") -> #VALUE!
A3: =AND(Datos!H24,"AAAAADa49wA=") -> #VALUE! | B3: =AND(Datos!I24,"AAAAADa49wE=") -> #VALUE! | C3: =AND(Datos!J24,"AAAAADa49wI=") -> #VALUE! | D3: =AND(Datos!K24,"AAAAADa49wM=") -> #VALUE! | E3: =AND(Datos!L24,"AAAAADa49wQ=") -> #VALUE! | F3: =AND(Datos!M24,"AAAAADa49wU=") -> #VALUE! | G3: =AND(Datos!N24,"AAAAADa49wY=") -> #VALUE! | H3: =AND(Datos!O24,"AAAAADa49wc=") -> #VALUE! | I3: =AND(Datos!P24,"AAAAADa49wg=") -> #VALUE! | J3: =AND(Datos!Q24,"AAAAADa49wk=") -> #VALUE! | K3: =AND(Datos!R24,"AAAAADa49wo=") -> #VALUE! | L3: =AND(Datos!S24,"AAAAADa49ws=") -> #VALUE! | M3: =AND(Datos!T24,"AAAAADa49ww=") -> #VALUE! | N3: =AND(Datos!U24,"AAAAADa49w0=") -> #VALUE! | O3: =AND(Datos!V24,"AAAAADa49w4=") -> #VALUE! | P3: =AND(Datos!W24,"AAAAADa49w8=") -> #VALUE! | Q3: =IF(Datos!25:25,"AAAAADa49xA=",0) -> 0 | R3: =AND(Datos!A25,"AAAAADa49xE=") -> #VALUE! | S3: =AND(Datos!B25,"AAAAADa49xI=") -> #VALUE! | T3: =AND(Datos!C25,"AAAAADa49xM=") -> #VALUE! | U3: =AND(Datos!D25,"AAAAADa49xQ=") -> #VALUE! | V3: =AND(Datos!E25,"AAAAADa49xU=") -> #VALUE! | W3: =AND(Datos!F25,"AAAAADa49xY=") -> #VALUE! | X3: =AND(Datos!G25,"AAAAADa49xc=") -> #VALUE! | Y3: =AND(Datos!H25,"AAAAADa49xg=") -> #VALUE! | Z3: =AND(Datos!I25,"AAAAADa49xk=") -> #VALUE! | AA3: =AND(Datos!J25,"AAAAADa49xo=") -> #VALUE! | AB3: =AND(Datos!K25,"AAAAADa49xs=") -> #VALUE! | AC3: =AND(Datos!L25,"AAAAADa49xw=") -> #VALUE! | AD3: =AND(Datos!M25,"AAAAADa49x0=") -> #VALUE! | AE3: =AND(Datos!N25,"AAAAADa49x4=") -> #VALUE! | AF3: =AND(Datos!O25,"AAAAADa49x8=") -> #VALUE! | AG3: =AND(Datos!P25,"AAAAADa49yA=") -> #VALUE! | AH3: =AND(Datos!Q25,"AAAAADa49yE=") -> #VALUE! | AI3: =AND(Datos!R25,"AAAAADa49yI=") -> #VALUE! | AJ3: =AND(Datos!S25,"AAAAADa49yM=") -> #VALUE! | AK3: =AND(Datos!T25,"AAAAADa49yQ=") -> #VALUE! | AL3: =AND(Datos!U25,"AAAAADa49yU=") -> #VALUE! | AM3: =AND(Datos!V25,"AAAAADa49yY=") -> #VALUE! | AN3: =AND(Datos!W25,"AAAAADa49yc=") -> #VALUE! | AO3: =IF(Datos!26:26,"AAAAADa49yg=",0) -> 0 | AP3: =AND(Datos!A26,"AAAAADa49yk=") -> #VALUE! | AQ3: =AND(Datos!B26,"AAAAADa49yo=") -> #VALUE! | AR3: =AND(Datos!C26,"AAAAADa49ys=") -> #VALUE! | AS3: =AND(Datos!D26,"AAAAADa49yw=") -> #VALUE! | AT3: =AND(Datos!E26,"AAAAADa49y0=") -> #VALUE! | AU3: =AND(Datos!F26,"AAAAADa49y4=") -> #VALUE! | AV3: =AND(Datos!G26,"AAAAADa49y8=") -> #VALUE! | AW3: =AND(Datos!H26,"AAAAADa49zA=") -> #VALUE! | AX3: =AND(Datos!I26,"AAAAADa49zE=") -> #VALUE! | AY3: =AND(Datos!J26,"AAAAADa49zI=") -> #VALUE! | AZ3: =AND(Datos!K26,"AAAAADa49zM=") -> #VALUE! | BA3: =AND(Datos!L26,"AAAAADa49zQ=") -> #VALUE! | BB3: =AND(Datos!M26,"AAAAADa49zU=") -> #VALUE! | BC3: =AND(Datos!N26,"AAAAADa49zY=") -> #VALUE! | BD3: =AND(Datos!O26,"AAAAADa49zc=") -> #VALUE! | BE3: =AND(Datos!P26,"AAAAADa49zg=") -> #VALUE! | BF3: =AND(Datos!Q26,"AAAAADa49zk=") -> #VALUE! | BG3: =AND(Datos!R26,"AAAAADa49zo=") -> #VALUE! | BH3: =AND(Datos!S26,"AAAAADa49zs=") -> #VALUE! | BI3: =AND(Datos!T26,"AAAAADa49zw=") -> #VALUE! | BJ3: =AND(Datos!U26,"AAAAADa49z0=") -> #VALUE! | BK3: =AND(Datos!V26,"AAAAADa49z4=") -> #VALUE! | BL3: =AND(Datos!W26,"AAAAADa49z8=") -> #VALUE! | BM3: =IF(Datos!27:27,"AAAAADa490A=",0) -> 0 | BN3: =AND(Datos!A27,"AAAAADa490E=") -> #VALUE! | BO3: =AND(Datos!B27,"AAAAADa490I=") -> #VALUE! | BP3: =AND(Datos!C27,"AAAAADa490M=") -> #VALUE! | BQ3: =AND(Datos!D27,"AAAAADa490Q=") -> #VALUE! | BR3: =AND(Datos!E27,"AAAAADa490U=") -> #VALUE! | BS3: =AND(Datos!#REF!,"AAAAADa490Y=") -> #REF! | BT3: =AND(Datos!F27,"AAAAADa490c=") -> #VALUE! | BU3: =AND(Datos!G27,"AAAAADa490g=") -> #VALUE! | BV3: =AND(Datos!I27,"AAAAADa490k=") -> #VALUE! | BW3: =AND(Datos!J27,"AAAAADa490o=") -> #VALUE! | BX3: =AND(Datos!K27,"AAAAADa490s=") -> #VALUE! | BY3: =AND(Datos!L27,"AAAAADa490w=") -> #VALUE! | BZ3: =AND(Datos!M27,"AAAAADa4900=") -> #VALUE! | CA3: =AND(Datos!N27,"AAAAADa4904=") -> #VALUE! | CB3: =AND(Datos!O27,"AAAAADa4908=") -> #VALUE! | CC3: =AND(Datos!P27,"AAAAADa491A=") -> #VALUE! | CD3: =AND(Datos!Q27,"AAAAADa491E=") -> #VALUE! | CE3: =AND(Datos!R27,"AAAAADa491I=") -> #VALUE! | CF3: =AND(Datos!S27,"AAAAADa491M=") -> #VALUE! | CG3: =AND(Datos!T27,"AAAAADa491Q=") -> #VALUE! | CH3: =AND(Datos!U27,"AAAAADa491U=") -> #VALUE! | CI3: =AND(Datos!V27,"AAAAADa491Y=") -> #VALUE! | CJ3: =AND(Datos!W27,"AAAAADa491c=") -> #VALUE! | CK3: =IF(Datos!28:28,"AAAAADa491g=",0) -> 0 | CL3: =AND(Datos!A28,"AAAAADa491k=") -> #VALUE! | CM3: =AND(Datos!B28,"AAAAADa491o=") -> #VALUE! | CN3: =AND(Datos!C28,"AAAAADa491s=") -> #VALUE! | CO3: =AND(Datos!D28,"AAAAADa491w=") -> #VALUE! | CP3: =AND(Datos!E28,"AAAAADa4910=") -> #VALUE! | CQ3: =AND(Datos!#REF!,"AAAAADa4914=") -> #REF! | CR3: =AND(Datos!F28,"AAAAADa4918=") -> #VALUE! | CS3: =AND(Datos!G28,"AAAAADa492A=") -> #VALUE! | CT3: =AND(Datos!I28,"AAAAADa492E=") -> #VALUE! | CU3: =AND(Datos!J28,"AAAAADa492I=") -> #VALUE! | CV3: =AND(Datos!K28,"AAAAADa492M=") -> #VALUE! | CW3: =AND(Datos!L28,"AAAAADa492Q=") -> #VALUE! | CX3: =AND(Datos!M28,"AAAAADa492U=") -> #VALUE! | CY3: =AND(Datos!N28,"AAAAADa492Y=") -> #VALUE! | CZ3: =AND(Datos!O28,"AAAAADa492c=") -> #VALUE! | DA3: =AND(Datos!P28,"AAAAADa492g=") -> #VALUE! | DB3: =AND(Datos!Q28,"AAAAADa492k=") -> #VALUE! | DC3: =AND(Datos!R28,"AAAAADa492o=") -> #VALUE! | DD3: =AND(Datos!S28,"AAAAADa492s=") -> #VALUE! | DE3: =AND(Datos!T28,"AAAAADa492w=") -> #VALUE! | DF3: =AND(Datos!U28,"AAAAADa4920=") -> #VALUE! | DG3: =AND(Datos!V28,"AAAAADa4924=") -> #VALUE! | DH3: =AND(Datos!W28,"AAAAADa4928=") -> #VALUE! | DI3: =IF(Datos!29:29,"AAAAADa493A=",0) -> 0 | DJ3: =AND(Datos!A29,"AAAAADa493E=") -> #VALUE! | DK3: =AND(Datos!B29,"AAAAADa493I=") -> #VALUE! | DL3: =AND(Datos!C29,"AAAAADa493M=") -> #VALUE! | DM3: =AND(Datos!D29,"AAAAADa493Q=") -> #VALUE! | DN3: =AND(Datos!E29,"AAAAADa493U=") -> #VALUE! | DO3: =AND(Datos!F29,"AAAAADa493Y=") -> #VALUE! | DP3: =AND(Datos!G29,"AAAAADa493c=") -> #VALUE! | DQ3: =AND(Datos!H29,"AAAAADa493g=") -> #VALUE! | DR3: =AND(Datos!I29,"AAAAADa493k=") -> #VALUE! | DS3: =AND(Datos!J29,"AAAAADa493o=") -> #VALUE! | DT3: =AND(Datos!K29,"AAAAADa493s=") -> #VALUE! | DU3: =AND(Datos!L29,"AAAAADa493w=") -> #VALUE! | DV3: =AND(Datos!M29,"AAAAADa4930=") -> #VALUE! | DW3: =AND(Datos!N29,"AAAAADa4934=") -> #VALUE! | DX3: =AND(Datos!O29,"AAAAADa4938=") -> #VALUE! | DY3: =AND(Datos!P29,"AAAAADa494A=") -> #VALUE! | DZ3: =AND(Datos!Q29,"AAAAADa494E=") -> #VALUE! | EA3: =AND(Datos!R29,"AAAAADa494I=") -> #VALUE! | EB3: =AND(Datos!S29,"AAAAADa494M=") -> #VALUE! | EC3: =AND(Datos!T29,"AAAAADa494Q=") -> #VALUE! | ED3: =AND(Datos!U29,"AAAAADa494U=") -> #VALUE! | EE3: =AND(Datos!V29,"AAAAADa494Y=") -> #VALUE! | EF3: =AND(Datos!W29,"AAAAADa494c=") -> #VALUE! | EG3: =IF(Datos!31:31,"AAAAADa494g=",0) -> 0 | EH3: =AND(Datos!A31,"AAAAADa494k=") -> #VALUE! | EI3: =AND(Datos!B31,"AAAAADa494o=") -> #VALUE! | EJ3: =AND(Datos!C31,"AAAAADa494s=") -> #VALUE! | EK3: =AND(Datos!D31,"AAAAADa494w=") -> #VALUE! | EL3: =AND(Datos!E31,"AAAAADa4940=") -> #VALUE! | EM3: =AND(Datos!F31,"AAAAADa4944=") -> #VALUE! | EN3: =AND(Datos!G31,"AAAAADa4948=") -> #VALUE! | EO3: =AND(Datos!H31,"AAAAADa495A=") -> #VALUE! | EP3: =AND(Datos!I31,"AAAAADa495E=") -> #VALUE! | EQ3: =AND(Datos!J31,"AAAAADa495I=") -> #VALUE! | ER3: =AND(Datos!K31,"AAAAADa495M=") -> #VALUE! | ES3: =AND(Datos!L31,"AAAAADa495Q=") -> #VALUE! | ET3: =AND(Datos!M31,"AAAAADa495U=") -> #VALUE! | EU3: =AND(Datos!N31,"AAAAADa495Y=") -> #VALUE! | EV3: =AND(Datos!O31,"AAAAADa495c=") -> #VALUE! | EW3: =AND(Datos!P31,"AAAAADa495g=") -> #VALUE! | EX3: =AND(Datos!Q31,"AAAAADa495k=") -> #VALUE! | EY3: =AND(Datos!R31,"AAAAADa495o=") -> #VALUE! | EZ3: =AND(Datos!S31,"AAAAADa495s=") -> #VALUE! | FA3: =AND(Datos!T31,"AAAAADa495w=") -> #VALUE! | FB3: =AND(Datos!U31,"AAAAADa4950=") -> #VALUE! | FC3: =AND(Datos!V31,"AAAAADa4954=") -> #VALUE! | FD3: =AND(Datos!W31,"AAAAADa4958=") -> #VALUE! | FE3: =IF(Datos!32:32,"AAAAADa496A=",0) -> 0 | FF3: =AND(Datos!A32,"AAAAADa496E=") -> #VALUE! | FG3: =AND(Datos!B32,"AAAAADa496I=") -> #VALUE! | FH3: =AND(Datos!C32,"AAAAADa496M=") -> #VALUE! | FI3: =AND(Datos!D32,"AAAAADa496Q=") -> #VALUE! | FJ3: =AND(Datos!E32,"AAAAADa496U=") -> #VALUE! | FK3: =AND(Datos!F32,"AAAAADa496Y=") -> #VALUE! | FL3: =AND(Datos!G32,"AAAAADa496c=") -> #VALUE! | FM3: =AND(Datos!H32,"AAAAADa496g=") -> #VALUE! | FN3: =AND(Datos!I32,"AAAAADa496k=") -> #VALUE! | FO3: =AND(Datos!J32,"AAAAADa496o=") -> #VALUE! | FP3: =AND(Datos!K32,"AAAAADa496s=") -> #VALUE! | FQ3: =AND(Datos!L32,"AAAAADa496w=") -> #VALUE! | FR3: =AND(Datos!M32,"AAAAADa4960=") -> #VALUE! | FS3: =AND(Datos!N32,"AAAAADa4964=") -> #VALUE! | FT3: =AND(Datos!O32,"AAAAADa4968=") -> #VALUE! | FU3: =AND(Datos!P32,"AAAAADa497A=") -> #VALUE! | FV3: =AND(Datos!Q32,"AAAAADa497E=") -> #VALUE! | FW3: =AND(Datos!R32,"AAAAADa497I=") -> #VALUE! | FX3: =AND(Datos!S32,"AAAAADa497M=") -> #VALUE! | FY3: =AND(Datos!T32,"AAAAADa497Q=") -> #VALUE! | FZ3: =AND(Datos!U32,"AAAAADa497U=") -> #VALUE! | GA3: =AND(Datos!V32,"AAAAADa497Y=") -> #VALUE! | GB3: =AND(Datos!W32,"AAAAADa497c=") -> #VALUE! | GC3: =IF(Datos!33:33,"AAAAADa497g=",0) -> 0 | GD3: =AND(Datos!A33,"AAAAADa497k=") -> #VALUE! | GE3: =AND(Datos!B33,"AAAAADa497o=") -> #VALUE! | GF3: =AND(Datos!C33,"AAAAADa497s=") -> #VALUE! | GG3: =AND(Datos!D33,"AAAAADa497w=") -> #VALUE! | GH3: =AND(Datos!E33,"AAAAADa4970=") -> #VALUE! | GI3: =AND(Datos!F33,"AAAAADa4974=") -> #VALUE! | GJ3: =AND(Datos!G33,"AAAAADa4978=") -> #VALUE! | GK3: =AND(Datos!H33,"AAAAADa498A=") -> #VALUE! | GL3: =AND(Datos!I33,"AAAAADa498E=") -> #VALUE! | GM3: =AND(Datos!J33,"AAAAADa498I=") -> #VALUE! | GN3: =AND(Datos!K33,"AAAAADa498M=") -> #VALUE! | GO3: =AND(Datos!L33,"AAAAADa498Q=") -> #VALUE! | GP3: =AND(Datos!M33,"AAAAADa498U=") -> #VALUE! | GQ3: =AND(Datos!N33,"AAAAADa498Y=") -> #VALUE! | GR3: =AND(Datos!O33,"AAAAADa498c=") -> #VALUE! | GS3: =AND(Datos!P33,"AAAAADa498g=") -> #VALUE! | GT3: =AND(Datos!Q33,"AAAAADa498k=") -> #VALUE! | GU3: =AND(Datos!R33,"AAAAADa498o=") -> #VALUE! | GV3: =AND(Datos!S33,"AAAAADa498s=") -> #VALUE! | GW3: =AND(Datos!T33,"AAAAADa498w=") -> #VALUE! | GX3: =AND(Datos!U33,"AAAAADa4980=") -> #VALUE! | GY3: =AND(Datos!V33,"AAAAADa4984=") -> #VALUE! | GZ3: =AND(Datos!W33,"AAAAADa4988=") -> #VALUE! | HA3: =IF(Datos!34:34,"AAAAADa499A=",0) -> 0 | HB3: =AND(Datos!A34,"AAAAADa499E=") -> #VALUE! | HC3: =AND(Datos!B34,"AAAAADa499I=") -> #VALUE! | HD3: =AND(Datos!C34,"AAAAADa499M=") -> #VALUE! | HE3: =AND(Datos!D34,"AAAAADa499Q=") -> #VALUE! | HF3: =AND(Datos!E34,"AAAAADa499U=") -> #VALUE! | HG3: =AND(Datos!F34,"AAAAADa499Y=") -> #VALUE! | HH3: =AND(Datos!G34,"AAAAADa499c=") -> #VALUE! | HI3: =AND(Datos!H34,"AAAAADa499g=") -> #VALUE! | HJ3: =AND(Datos!I34,"AAAAADa499k=") -> #VALUE! | HK3: =AND(Datos!J34,"AAAAADa499o=") -> #VALUE! | HL3: =AND(Datos!K34,"AAAAADa499s=") -> #VALUE! | HM3: =AND(Datos!L34,"AAAAADa499w=") -> #VALUE! | HN3: =AND(Datos!M34,"AAAAADa4990=") -> #VALUE! | HO3: =AND(Datos!N34,"AAAAADa4994=") -> #VALUE! | HP3: =AND(Datos!O34,"AAAAADa4998=") -> #VALUE! | HQ3: =AND(Datos!P34,"AAAAADa49+A=") -> #VALUE! | HR3: =AND(Datos!Q34,"AAAAADa49+E=") -> #VALUE! | HS3: =AND(Datos!R34,"AAAAADa49+I=") -> #VALUE! | HT3: =AND(Datos!S34,"AAAAADa49+M=") -> #VALUE! | HU3: =AND(Datos!T34,"AAAAADa49+Q=") -> #VALUE! | HV3: =AND(Datos!U34,"AAAAADa49+U=") -> #VALUE! | HW3: =AND(Datos!V34,"AAAAADa49+Y=") -> #VALUE! | HX3: =AND(Datos!W34,"AAAAADa49+c=") -> #VALUE! | HY3: =IF(Datos!35:35,"AAAAADa49+g=",0) -> 0 | HZ3: =AND(Datos!A35,"AAAAADa49+k=") -> #VALUE! | IA3: =AND(Datos!B35,"AAAAADa49+o=") -> #VALUE! | IB3: =AND(Datos!C35,"AAAAADa49+s=") -> #VALUE! | IC3: =AND(Datos!D35,"AAAAADa49+w=") -> #VALUE! | ID3: =AND(Datos!E35,"AAAAADa49+0=") -> #VALUE! | IE3: =AND(Datos!F35,"AAAAADa49+4=") -> #VALUE! | IF3: =AND(Datos!G35,"AAAAADa49+8=") -> #VALUE! | IG3: =AND(Datos!H35,"AAAAADa49/A=") -> #VALUE! | IH3: =AND(Datos!I35,"AAAAADa49/E=") -> #VALUE! | II3: =AND(Datos!J35,"AAAAADa49/I=") -> #VALUE! | IJ3: =AND(Datos!K35,"AAAAADa49/M=") -> #VALUE! | IK3: =AND(Datos!L35,"AAAAADa49/Q=") -> #VALUE! | IL3: =AND(Datos!M35,"AAAAADa49/U=") -> #VALUE! | IM3: =AND(Datos!N35,"AAAAADa49/Y=") -> #VALUE! | IN3: =AND(Datos!O35,"AAAAADa49/c=") -> #VALUE! | IO3: =AND(Datos!P35,"AAAAADa49/g=") -> #VALUE! | IP3: =AND(Datos!Q35,"AAAAADa49/k=") -> #VALUE! | IQ3: =AND(Datos!R35,"AAAAADa49/o=") -> #VALUE! | IR3: =AND(Datos!S35,"AAAAADa49/s=") -> #VALUE! | IS3: =AND(Datos!T35,"AAAAADa49/w=") -> #VALUE! | IT3: =AND(Datos!U35,"AAAAADa49/0=") -> #VALUE! | IU3: =AND(Datos!V35,"AAAAADa49/4=") -> #VALUE! | IV3: =AND(Datos!W35,"AAAAADa49/8=") -> #VALUE!
A4: =IF(Datos!36:36,"AAAAAH/0uwA=",0) -> 0 | B4: =AND(Datos!A36,"AAAAAH/0uwE=") -> #VALUE! | C4: =AND(Datos!B36,"AAAAAH/0uwI=") -> #VALUE! | D4: =AND(Datos!G36,"AAAAAH/0uwM=") -> #VALUE! | E4: =AND(Datos!H36,"AAAAAH/0uwQ=") -> #VALUE! | F4: =AND(Datos!I36,"AAAAAH/0uwU=") -> #VALUE! | G4: =AND(Datos!J36,"AAAAAH/0uwY=") -> #VALUE! | H4: =AND(Datos!#REF!,"AAAAAH/0uwc=") -> #REF! | I4: =AND(Datos!K36,"AAAAAH/0uwg=") -> #VALUE! | J4: =AND(Datos!L36,"AAAAAH/0uwk=") -> #VALUE! | K4: =AND(Datos!#REF!,"AAAAAH/0uwo=") -> #REF! | L4: =AND(Datos!#REF!,"AAAAAH/0uws=") -> #REF! | M4: =AND(Datos!#REF!,"AAAAAH/0uww=") -> #REF! | N4: =AND(Datos!#REF!,"AAAAAH/0uw0=") -> #REF! | O4: =AND(Datos!N36,"AAAAAH/0uw4=") -> #VALUE! | P4: =AND(Datos!O36,"AAAAAH/0uw8=") -> #VALUE! | Q4: =AND(Datos!P36,"AAAAAH/0uxA=") -> #VALUE! | R4: =AND(Datos!Q36,"AAAAAH/0uxE=") -> #VALUE! | S4: =AND(Datos!R36,"AAAAAH/0uxI=") -> #VALUE! | T4: =AND(Datos!S36,"AAAAAH/0uxM=") -> #VALUE! | U4: =AND(Datos!T36,"AAAAAH/0uxQ=") -> #VALUE! | V4: =AND(Datos!U36,"AAAAAH/0uxU=") -> #VALUE! | W4: =AND(Datos!V36,"AAAAAH/0uxY=") -> #VALUE! | X4: =AND(Datos!W36,"AAAAAH/0uxc=") -> #VALUE! | Y4: =IF(Datos!37:37,"AAAAAH/0uxg=",0) -> 0 | Z4: =AND(Datos!A37,"AAAAAH/0uxk=") -> #VALUE! | AA4: =AND(Datos!B37,"AAAAAH/0uxo=") -> #VALUE! | AB4: =AND(Datos!G37,"AAAAAH/0uxs=") -> #VALUE! | AC4: =AND(Datos!H37,"AAAAAH/0uxw=") -> #VALUE! | AD4: =AND(Datos!I37,"AAAAAH/0ux0=") -> #VALUE! | AE4: =AND(Datos!J37,"AAAAAH/0ux4=") -> #VALUE! | AF4: =AND(Datos!#REF!,"AAAAAH/0ux8=") -> #REF! | AG4: =AND(Datos!K37,"AAAAAH/0uyA=") -> #VALUE! | AH4: =AND(Datos!L37,"AAAAAH/0uyE=") -> #VALUE! | AI4: =AND(Datos!#REF!,"AAAAAH/0uyI=") -> #REF! | AJ4: =AND(Datos!#REF!,"AAAAAH/0uyM=") -> #REF! | AK4: =AND(Datos!#REF!,"AAAAAH/0uyQ=") -> #REF! | AL4: =AND(Datos!#REF!,"AAAAAH/0uyU=") -> #REF! | AM4: =AND(Datos!N37,"AAAAAH/0uyY=") -> #VALUE! | AN4: =AND(Datos!O37,"AAAAAH/0uyc=") -> #VALUE! | AO4: =AND(Datos!P37,"AAAAAH/0uyg=") -> #VALUE! | AP4: =AND(Datos!Q37,"AAAAAH/0uyk=") -> #VALUE! | AQ4: =AND(Datos!R37,"AAAAAH/0uyo=") -> #VALUE! | AR4: =AND(Datos!S37,"AAAAAH/0uys=") -> #VALUE! | AS4: =AND(Datos!T37,"AAAAAH/0uyw=") -> #VALUE! | AT4: =AND(Datos!U37,"AAAAAH/0uy0=") -> #VALUE! | AU4: =AND(Datos!V37,"AAAAAH/0uy4=") -> #VALUE! | AV4: =AND(Datos!W37,"AAAAAH/0uy8=") -> #VALUE! | AW4: =IF(Datos!38:38,"AAAAAH/0uzA=",0) -> 0 | AX4: =AND(Datos!A38,"AAAAAH/0uzE=") -> #VALUE! | AY4: =AND(Datos!B38,"AAAAAH/0uzI=") -> #VALUE! | AZ4: =AND(Datos!G38,"AAAAAH/0uzM=") -> #VALUE! | BA4: =AND(Datos!H38,"AAAAAH/0uzQ=") -> #VALUE! | BB4: =AND(Datos!I38,"AAAAAH/0uzU=") -> #VALUE! | BC4: =AND(Datos!J38,"AAAAAH/0uzY=") -> #VALUE! | BD4: =AND(Datos!#REF!,"AAAAAH/0uzc=") -> #REF! | BE4: =AND(Datos!K38,"AAAAAH/0uzg=") -> #VALUE! | BF4: =AND(Datos!L38,"AAAAAH/0uzk=") -> #VALUE! | BG4: =AND(Datos!#REF!,"AAAAAH/0uzo=") -> #REF! | BH4: =AND(Datos!#REF!,"AAAAAH/0uzs=") -> #REF! | BI4: =AND(Datos!#REF!,"AAAAAH/0uzw=") -> #REF! | BJ4: =AND(Datos!#REF!,"AAAAAH/0uz0=") -> #REF! | BK4: =AND(Datos!N38,"AAAAAH/0uz4=") -> #VALUE! | BL4: =AND(Datos!O38,"AAAAAH/0uz8=") -> #VALUE! | BM4: =AND(Datos!P38,"AAAAAH/0u0A=") -> #VALUE! | BN4: =AND(Datos!Q38,"AAAAAH/0u0E=") -> #VALUE! | BO4: =AND(Datos!R38,"AAAAAH/0u0I=") -> #VALUE! | BP4: =AND(Datos!S38,"AAAAAH/0u0M=") -> #VALUE! | BQ4: =AND(Datos!T38,"AAAAAH/0u0Q=") -> #VALUE! | BR4: =AND(Datos!U38,"AAAAAH/0u0U=") -> #VALUE! | BS4: =AND(Datos!V38,"AAAAAH/0u0Y=") -> #VALUE! | BT4: =AND(Datos!W38,"AAAAAH/0u0c=") -> #VALUE! | BU4: =IF(Datos!39:39,"AAAAAH/0u0g=",0) -> 0 | BV4: =AND(Datos!A39,"AAAAAH/0u0k=") -> #VALUE! | BW4: =AND(Datos!B39,"AAAAAH/0u0o=") -> #VALUE! | BX4: =AND(Datos!G39,"AAAAAH/0u0s=") -> #VALUE! | BY4: =AND(Datos!H39,"AAAAAH/0u0w=") -> #VALUE! | BZ4: =AND(Datos!I39,"AAAAAH/0u00=") -> #VALUE! | CA4: =AND(Datos!J39,"AAAAAH/0u04=") -> #VALUE! | CB4: =AND(Datos!#REF!,"AAAAAH/0u08=") -> #REF! | CC4: =AND(Datos!K39,"AAAAAH/0u1A=") -> #VALUE! | CD4: =AND(Datos!L39,"AAAAAH/0u1E=") -> #VALUE! | CE4: =AND(Datos!#REF!,"AAAAAH/0u1I=") -> #REF! | CF4: =AND(Datos!#REF!,"AAAAAH/0u1M=") -> #REF! | CG4: =AND(Datos!#REF!,"AAAAAH/0u1Q=") -> #REF! | CH4: =AND(Datos!#REF!,"AAAAAH/0u1U=") -> #REF! | CI4: =AND(Datos!N39,"AAAAAH/0u1Y=") -> #VALUE! | CJ4: =AND(Datos!O39,"AAAAAH/0u1c=") -> #VALUE! | CK4: =AND(Datos!P39,"AAAAAH/0u1g=") -> #VALUE! | CL4: =AND(Datos!Q39,"AAAAAH/0u1k=") -> #VALUE! | CM4: =AND(Datos!R39,"AAAAAH/0u1o=") -> #VALUE! | CN4: =AND(Datos!S39,"AAAAAH/0u1s=") -> #VALUE! | CO4: =AND(Datos!T39,"AAAAAH/0u1w=") -> #VALUE! | CP4: =AND(Datos!U39,"AAAAAH/0u10=") -> #VALUE! | CQ4: =AND(Datos!V39,"AAAAAH/0u14=") -> #VALUE! | CR4: =AND(Datos!W39,"AAAAAH/0u18=") -> #VALUE! | CS4: =IF(Datos!40:40,"AAAAAH/0u2A=",0) -> 0 | CT4: =AND(Datos!A40,"AAAAAH/0u2E=") -> #VALUE! | CU4: =AND(Datos!B40,"AAAAAH/0u2I=") -> #VALUE! | CV4: =AND(Datos!G40,"AAAAAH/0u2M=") -> #VALUE! | CW4: =AND(Datos!H40,"AAAAAH/0u2Q=") -> #VALUE! | CX4: =AND(Datos!I40,"AAAAAH/0u2U=") -> #VALUE! | CY4: =AND(Datos!J40,"AAAAAH/0u2Y=") -> #VALUE! | CZ4: =AND(Datos!#REF!,"AAAAAH/0u2c=") -> #REF! | DA4: =AND(Datos!K40,"AAAAAH/0u2g=") -> #VALUE! | DB4: =AND(Datos!L40,"AAAAAH/0u2k=") -> #VALUE! | DC4: =AND(Datos!#REF!,"AAAAAH/0u2o=") -> #REF! | DD4: =AND(Datos!#REF!,"AAAAAH/0u2s=") -> #REF! | DE4: =AND(Datos!#REF!,"AAAAAH/0u2w=") -> #REF! | DF4: =AND(Datos!#REF!,"AAAAAH/0u20=") -> #REF! | DG4: =AND(Datos!N40,"AAAAAH/0u24=") -> #VALUE! | DH4: =AND(Datos!O40,"AAAAAH/0u28=") -> #VALUE! | DI4: =AND(Datos!P40,"AAAAAH/0u3A=") -> #VALUE! | DJ4: =AND(Datos!Q40,"AAAAAH/0u3E=") -> #VALUE! | DK4: =AND(Datos!R40,"AAAAAH/0u3I=") -> #VALUE! | DL4: =AND(Datos!S40,"AAAAAH/0u3M=") -> #VALUE! | DM4: =AND(Datos!T40,"AAAAAH/0u3Q=") -> #VALUE! | DN4: =AND(Datos!U40,"AAAAAH/0u3U=") -> #VALUE! | DO4: =AND(Datos!V40,"AAAAAH/0u3Y=") -> #VALUE! | DP4: =AND(Datos!W40,"AAAAAH/0u3c=") -> #VALUE! | DQ4: =IF(Datos!42:42,"AAAAAH/0u3g=",0) -> 0 | DR4: =AND(Datos!A42,"AAAAAH/0u3k=") -> #VALUE! | DS4: =AND(Datos!B42,"AAAAAH/0u3o=") -> #VALUE! | DT4: =AND(Datos!C42,"AAAAAH/0u3s=") -> #VALUE! | DU4: =AND(Datos!D42,"AAAAAH/0u3w=") -> #VALUE! | DV4: =AND(Datos!E42,"AAAAAH/0u30=") -> #VALUE! | DW4: =AND(Datos!F42,"AAAAAH/0u34=") -> #VALUE! | DX4: =AND(Datos!G42,"AAAAAH/0u38=") -> #VALUE! | DY4: =AND(Datos!H42,"AAAAAH/0u4A=") -> #VALUE! | DZ4: =AND(Datos!I42,"AAAAAH/0u4E=") -> #VALUE! | EA4: =AND(Datos!J42,"AAAAAH/0u4I=") -> #VALUE! | EB4: =AND(Datos!K42,"AAAAAH/0u4M=") -> #VALUE! | EC4: =AND(Datos!L42,"AAAAAH/0u4Q=") -> #VALUE! | ED4: =AND(Datos!M42,"AAAAAH/0u4U=") -> #VALUE! | EE4: =AND(Datos!N42,"AAAAAH/0u4Y=") -> #VALUE! | EF4: =AND(Datos!O42,"AAAAAH/0u4c=") -> #VALUE! | EG4: =AND(Datos!P42,"AAAAAH/0u4g=") -> #VALUE! | EH4: =AND(Datos!Q42,"AAAAAH/0u4k=") -> #VALUE! | EI4: =AND(Datos!R42,"AAAAAH/0u4o=") -> #VALUE! | EJ4: =AND(Datos!S42,"AAAAAH/0u4s=") -> #VALUE! | EK4: =AND(Datos!T42,"AAAAAH/0u4w=") -> #VALUE! | EL4: =AND(Datos!U42,"AAAAAH/0u40=") -> #VALUE! | EM4: =AND(Datos!V42,"AAAAAH/0u44=") -> #VALUE! | EN4: =AND(Datos!W42,"AAAAAH/0u48=") -> #VALUE! | EO4: =IF(Datos!43:43,"AAAAAH/0u5A=",0) -> 0 | EP4: =AND(Datos!A43,"AAAAAH/0u5E=") -> #VALUE! | EQ4: =AND(Datos!B43,"AAAAAH/0u5I=") -> #VALUE! | ER4: =AND(Datos!C43,"AAAAAH/0u5M=") -> #VALUE! | ES4: =AND(Datos!D43,"AAAAAH/0u5Q=") -> #VALUE! | ET4: =AND(Datos!E43,"AAAAAH/0u5U=") -> #VALUE! | EU4: =AND(Datos!F43,"AAAAAH/0u5Y=") -> #VALUE! | EV4: =AND(Datos!G43,"AAAAAH/0u5c=") -> #VALUE! | EW4: =AND(Datos!H43,"AAAAAH/0u5g=") -> #VALUE! | EX4: =AND(Datos!I43,"AAAAAH/0u5k=") -> #VALUE! | EY4: =AND(Datos!J43,"AAAAAH/0u5o=") -> #VALUE! | EZ4: =AND(Datos!K43,"AAAAAH/0u5s=") -> #VALUE! | FA4: =AND(Datos!L43,"AAAAAH/0u5w=") -> #VALUE! | FB4: =AND(Datos!M43,"AAAAAH/0u50=") -> #VALUE! | FC4: =AND(Datos!N43,"AAAAAH/0u54=") -> #VALUE! | FD4: =AND(Datos!O43,"AAAAAH/0u58=") -> #VALUE! | FE4: =AND(Datos!P43,"AAAAAH/0u6A=") -> #VALUE! | FF4: =AND(Datos!Q43,"AAAAAH/0u6E=") -> #VALUE! | FG4: =AND(Datos!R43,"AAAAAH/0u6I=") -> #VALUE! | FH4: =AND(Datos!S43,"AAAAAH/0u6M=") -> #VALUE! | FI4: =AND(Datos!T43,"AAAAAH/0u6Q=") -> #VALUE! | FJ4: =AND(Datos!U43,"AAAAAH/0u6U=") -> #VALUE! | FK4: =AND(Datos!V43,"AAAAAH/0u6Y=") -> #VALUE! | FL4: =AND(Datos!W43,"AAAAAH/0u6c=") -> #VALUE! | FM4: =IF(Datos!44:44,"AAAAAH/0u6g=",0) -> 0 | FN4: =AND(Datos!A44,"AAAAAH/0u6k=") -> #VALUE! | FO4: =AND(Datos!B44,"AAAAAH/0u6o=") -> #VALUE! | FP4: =AND(Datos!C44,"AAAAAH/0u6s=") -> #VALUE! | FQ4: =AND(Datos!D44,"AAAAAH/0u6w=") -> #VALUE! | FR4: =AND(Datos!E44,"AAAAAH/0u60=") -> #VALUE! | FS4: =AND(Datos!F44,"AAAAAH/0u64=") -> #VALUE! | FT4: =AND(Datos!G44,"AAAAAH/0u68=") -> #VALUE! | FU4: =AND(Datos!H44,"AAAAAH/0u7A=") -> #VALUE! | FV4: =AND(Datos!I44,"AAAAAH/0u7E=") -> #VALUE! | FW4: =AND(Datos!J44,"AAAAAH/0u7I=") -> #VALUE! | FX4: =AND(Datos!K44,"AAAAAH/0u7M=") -> #VALUE! | FY4: =AND(Datos!L44,"AAAAAH/0u7Q=") -> #VALUE! | FZ4: =AND(Datos!M44,"AAAAAH/0u7U=") -> #VALUE! | GA4: =AND(Datos!N44,"AAAAAH/0u7Y=") -> #VALUE! | GB4: =AND(Datos!O44,"AAAAAH/0u7c=") -> #VALUE! | GC4: =AND(Datos!P44,"AAAAAH/0u7g=") -> #VALUE! | GD4: =AND(Datos!Q44,"AAAAAH/0u7k=") -> #VALUE! | GE4: =AND(Datos!R44,"AAAAAH/0u7o=") -> #VALUE! | GF4: =AND(Datos!S44,"AAAAAH/0u7s=") -> #VALUE! | GG4: =AND(Datos!T44,"AAAAAH/0u7w=") -> #VALUE! | GH4: =AND(Datos!U44,"AAAAAH/0u70=") -> #VALUE! | GI4: =AND(Datos!V44,"AAAAAH/0u74=") -> #VALUE! | GJ4: =AND(Datos!W44,"AAAAAH/0u78=") -> #VALUE! | GK4: =IF(Datos!45:45,"AAAAAH/0u8A=",0) -> 0 | GL4: =AND(Datos!A45,"AAAAAH/0u8E=") -> #VALUE! | GM4: =AND(Datos!B45,"AAAAAH/0u8I=") -> #VALUE! | GN4: =AND(Datos!C45,"AAAAAH/0u8M=") -> #VALUE! | GO4: =AND(Datos!D45,"AAAAAH/0u8Q=") -> #VALUE! | GP4: =AND(Datos!E45,"AAAAAH/0u8U=") -> #VALUE! | GQ4: =AND(Datos!F45,"AAAAAH/0u8Y=") -> #VALUE! | GR4: =AND(Datos!G45,"AAAAAH/0u8c=") -> #VALUE! | GS4: =AND(Datos!H45,"AAAAAH/0u8g=") -> #VALUE! | GT4: =AND(Datos!I45,"AAAAAH/0u8k=") -> #VALUE! | GU4: =AND(Datos!J45,"AAAAAH/0u8o=") -> #VALUE! | GV4: =AND(Datos!K45,"AAAAAH/0u8s=") -> #VALUE! | GW4: =AND(Datos!L45,"AAAAAH/0u8w=") -> #VALUE! | GX4: =AND(Datos!M45,"AAAAAH/0u80=") -> #VALUE! | GY4: =AND(Datos!N45,"AAAAAH/0u84=") -> #VALUE! | GZ4: =AND(Datos!O45,"AAAAAH/0u88=") -> #VALUE! | HA4: =AND(Datos!P45,"AAAAAH/0u9A=") -> #VALUE! | HB4: =AND(Datos!Q45,"AAAAAH/0u9E=") -> #VALUE! | HC4: =AND(Datos!R45,"AAAAAH/0u9I=") -> #VALUE! | HD4: =AND(Datos!S45,"AAAAAH/0u9M=") -> #VALUE! | HE4: =AND(Datos!T45,"AAAAAH/0u9Q=") -> #VALUE! | HF4: =AND(Datos!U45,"AAAAAH/0u9U=") -> #VALUE! | HG4: =AND(Datos!V45,"AAAAAH/0u9Y=") -> #VALUE! | HH4: =AND(Datos!W45,"AAAAAH/0u9c=") -> #VALUE! | HI4: =IF(Datos!46:46,"AAAAAH/0u9g=",0) -> 0 | HJ4: =AND(Datos!A46,"AAAAAH/0u9k=") -> #VALUE! | HK4: =AND(Datos!B46,"AAAAAH/0u9o=") -> #VALUE! | HL4: =AND(Datos!G46,"AAAAAH/0u9s=") -> #VALUE! | HM4: =AND(Datos!H46,"AAAAAH/0u9w=") -> #VALUE! | HN4: =AND(Datos!I46,"AAAAAH/0u90=") -> #VALUE! | HO4: =AND(Datos!J46,"AAAAAH/0u94=") -> #VALUE! | HP4: =AND(Datos!#REF!,"AAAAAH/0u98=") -> #REF! | HQ4: =AND(Datos!K46,"AAAAAH/0u+A=") -> #VALUE! | HR4: =AND(Datos!L46,"AAAAAH/0u+E=") -> #VALUE! | HS4: =AND(Datos!#REF!,"AAAAAH/0u+I=") -> #REF! | HT4: =AND(Datos!#REF!,"AAAAAH/0u+M=") -> #REF! | HU4: =AND(Datos!#REF!,"AAAAAH/0u+Q=") -> #REF! | HV4: =AND(Datos!M46,"AAAAAH/0u+U=") -> #VALUE! | HW4: =AND(Datos!N46,"AAAAAH/0u+Y=") -> #VALUE! | HX4: =AND(Datos!O46,"AAAAAH/0u+c=") -> #VALUE! | HY4: =AND(Datos!P46,"AAAAAH/0u+g=") -> #VALUE! | HZ4: =AND(Datos!Q46,"AAAAAH/0u+k=") -> #VALUE! | IA4: =AND(Datos!R46,"AAAAAH/0u+o=") -> #VALUE! | IB4: =AND(Datos!S46,"AAAAAH/0u+s=") -> #VALUE! | IC4: =AND(Datos!T46,"AAAAAH/0u+w=") -> #VALUE! | ID4: =AND(Datos!U46,"AAAAAH/0u+0=") -> #VALUE! | IE4: =AND(Datos!V46,"AAAAAH/0u+4=") -> #VALUE! | IF4: =AND(Datos!W46,"AAAAAH/0u+8=") -> #VALUE! | IG4: =IF(Datos!47:47,"AAAAAH/0u/A=",0) -> 0 | IH4: =AND(Datos!A47,"AAAAAH/0u/E=") -> #VALUE! | II4: =AND(Datos!B47,"AAAAAH/0u/I=") -> #VALUE! | IJ4: =AND(Datos!G47,"AAAAAH/0u/M=") -> #VALUE! | IK4: =AND(Datos!H47,"AAAAAH/0u/Q=") -> #VALUE! | IL4: =AND(Datos!I47,"AAAAAH/0u/U=") -> #VALUE! | IM4: =AND(Datos!J47,"AAAAAH/0u/Y=") -> #VALUE! | IN4: =AND(Datos!#REF!,"AAAAAH/0u/c=") -> #REF! | IO4: =AND(Datos!K47,"AAAAAH/0u/g=") -> #VALUE! | IP4: =AND(Datos!L47,"AAAAAH/0u/k=") -> #VALUE! | IQ4: =AND(Datos!#REF!,"AAAAAH/0u/o=") -> #REF! | IR4: =AND(Datos!#REF!,"AAAAAH/0u/s=") -> #REF! | IS4: =AND(Datos!#REF!,"AAAAAH/0u/w=") -> #REF! | IT4: =AND(Datos!M47,"AAAAAH/0u/0=") -> #VALUE! | IU4: =AND(Datos!N47,"AAAAAH/0u/4=") -> #VALUE! | IV4: =AND(Datos!O47,"AAAAAH/0u/8=") -> #VALUE!
A5: =AND(Datos!P47,"AAAAAHctywA=") -> #VALUE! | B5: =AND(Datos!Q47,"AAAAAHctywE=") -> #VALUE! | C5: =AND(Datos!R47,"AAAAAHctywI=") -> #VALUE! | D5: =AND(Datos!S47,"AAAAAHctywM=") -> #VALUE! | E5: =AND(Datos!T47,"AAAAAHctywQ=") -> #VALUE! | F5: =AND(Datos!U47,"AAAAAHctywU=") -> #VALUE! | G5: =AND(Datos!V47,"AAAAAHctywY=") -> #VALUE! | H5: =AND(Datos!W47,"AAAAAHctywc=") -> #VALUE! | I5: =IF(Datos!53:53,"AAAAAHctywg=",0) -> #VALUE! | J5: =AND(Datos!A53,"AAAAAHctywk=") -> #VALUE! | K5: =AND(Datos!B53,"AAAAAHctywo=") -> #VALUE! | L5: =AND(Datos!G53,"AAAAAHctyws=") -> #VALUE! | M5: =AND(Datos!H53,"AAAAAHctyww=") -> #VALUE! | N5: =AND(Datos!I53,"AAAAAHctyw0=") -> #VALUE! | O5: =AND(Datos!J53,"AAAAAHctyw4=") -> #VALUE! | P5: =AND(Datos!#REF!,"AAAAAHctyw8=") -> #REF! | Q5: =AND(Datos!K53,"AAAAAHctyxA=") -> #VALUE! | R5: =AND(Datos!L53,"AAAAAHctyxE=") -> #VALUE! | S5: =AND(Datos!#REF!,"AAAAAHctyxI=") -> #REF! | T5: =AND(Datos!#REF!,"AAAAAHctyxM=") -> #REF! | U5: =AND(Datos!#REF!,"AAAAAHctyxQ=") -> #REF! | V5: =AND(Datos!M53,"AAAAAHctyxU=") -> #VALUE! | W5: =AND(Datos!N53,"AAAAAHctyxY=") -> #VALUE! | X5: =AND(Datos!O53,"AAAAAHctyxc=") -> #VALUE! | Y5: =AND(Datos!P53,"AAAAAHctyxg=") -> #VALUE! | Z5: =AND(Datos!Q53,"AAAAAHctyxk=") -> #VALUE! | AA5: =AND(Datos!R53,"AAAAAHctyxo=") -> #VALUE! | AB5: =AND(Datos!S53,"AAAAAHctyxs=") -> #VALUE! | AC5: =AND(Datos!T53,"AAAAAHctyxw=") -> #VALUE! | AD5: =AND(Datos!U53,"AAAAAHctyx0=") -> #VALUE! | AE5: =AND(Datos!V53,"AAAAAHctyx4=") -> #VALUE! | AF5: =AND(Datos!W53,"AAAAAHctyx8=") -> #VALUE! | AG5: =IF(Datos!54:54,"AAAAAHctyyA=",0) -> 0 | AH5: =AND(Datos!A54,"AAAAAHctyyE=") -> #VALUE! | AI5: =AND(Datos!B54,"AAAAAHctyyI=") -> #VALUE! | AJ5: =AND(Datos!G54,"AAAAAHctyyM=") -> #VALUE! | AK5: =AND(Datos!H54,"AAAAAHctyyQ=") -> #VALUE! | AL5: =AND(Datos!I54,"AAAAAHctyyU=") -> #VALUE! | AM5: =AND(Datos!J54,"AAAAAHctyyY=") -> #VALUE! | AN5: =AND(Datos!#REF!,"AAAAAHctyyc=") -> #REF! | AO5: =AND(Datos!K54,"AAAAAHctyyg=") -> #VALUE! | AP5: =AND(Datos!L54,"AAAAAHctyyk=") -> #VALUE! | AQ5: =AND(Datos!#REF!,"AAAAAHctyyo=") -> #REF! | AR5: =AND(Datos!#REF!,"AAAAAHctyys=") -> #REF! | AS5: =AND(Datos!#REF!,"AAAAAHctyyw=") -> #REF! | AT5: =AND(Datos!M54,"AAAAAHctyy0=") -> #VALUE! | AU5: =AND(Datos!N54,"AAAAAHctyy4=") -> #VALUE! | AV5: =AND(Datos!O54,"AAAAAHctyy8=") -> #VALUE! | AW5: =AND(Datos!P54,"AAAAAHctyzA=") -> #VALUE! | AX5: =AND(Datos!Q54,"AAAAAHctyzE=") -> #VALUE! | AY5: =AND(Datos!R54,"AAAAAHctyzI=") -> #VALUE! | AZ5: =AND(Datos!S54,"AAAAAHctyzM=") -> #VALUE! | BA5: =AND(Datos!T54,"AAAAAHctyzQ=") -> #VALUE! | BB5: =AND(Datos!U54,"AAAAAHctyzU=") -> #VALUE! | BC5: =AND(Datos!V54,"AAAAAHctyzY=") -> #VALUE! | BD5: =AND(Datos!W54,"AAAAAHctyzc=") -> #VALUE! | BE5: =IF(Datos!56:56,"AAAAAHctyzg=",0) -> 0 | BF5: =AND(Datos!A56,"AAAAAHctyzk=") -> #VALUE! | BG5: =AND(Datos!B56,"AAAAAHctyzo=") -> #VALUE! | BH5: =AND(Datos!G56,"AAAAAHctyzs=") -> #VALUE! | BI5: =AND(Datos!H56,"AAAAAHctyzw=") -> #VALUE! | BJ5: =AND(Datos!I56,"AAAAAHctyz0=") -> #VALUE! | BK5: =AND(Datos!J56,"AAAAAHctyz4=") -> #VALUE! | BL5: =AND(Datos!#REF!,"AAAAAHctyz8=") -> #REF! | BM5: =AND(Datos!K56,"AAAAAHcty0A=") -> #VALUE! | BN5: =AND(Datos!L56,"AAAAAHcty0E=") -> #VALUE! | BO5: =AND(Datos!#REF!,"AAAAAHcty0I=") -> #REF! | BP5: =AND(Datos!#REF!,"AAAAAHcty0M=") -> #REF! | BQ5: =AND(Datos!#REF!,"AAAAAHcty0Q=") -> #REF! | BR5: =AND(Datos!M56,"AAAAAHcty0U=") -> #VALUE! | BS5: =AND(Datos!N56,"AAAAAHcty0Y=") -> #VALUE! | BT5: =AND(Datos!O56,"AAAAAHcty0c=") -> #VALUE! | BU5: =AND(Datos!P56,"AAAAAHcty0g=") -> #VALUE! | BV5: =AND(Datos!Q56,"AAAAAHcty0k=") -> #VALUE! | BW5: =AND(Datos!R56,"AAAAAHcty0o=") -> #VALUE! | BX5: =AND(Datos!S56,"AAAAAHcty0s=") -> #VALUE! | BY5: =AND(Datos!T56,"AAAAAHcty0w=") -> #VALUE! | BZ5: =AND(Datos!U56,"AAAAAHcty00=") -> #VALUE! | CA5: =AND(Datos!V56,"AAAAAHcty04=") -> #VALUE! | CB5: =AND(Datos!W56,"AAAAAHcty08=") -> #VALUE! | CC5: =IF(Datos!71:71,"AAAAAHcty1A=",0) -> 0 | CD5: =AND(Datos!A71,"AAAAAHcty1E=") -> #VALUE! | CE5: =AND(Datos!B71,"AAAAAHcty1I=") -> #VALUE! | CF5: =AND(Datos!C71,"AAAAAHcty1M=") -> #VALUE! | CG5: =AND(Datos!D71,"AAAAAHcty1Q=") -> #VALUE! | CH5: =AND(Datos!E71,"AAAAAHcty1U=") -> #VALUE! | CI5: =AND(Datos!F71,"AAAAAHcty1Y=") -> #VALUE! | CJ5: =AND(Datos!G71,"AAAAAHcty1c=") -> #VALUE! | CK5: =AND(Datos!H71,"AAAAAHcty1g=") -> #VALUE! | CL5: =AND(Datos!I71,"AAAAAHcty1k=") -> #VALUE! | CM5: =AND(Datos!J71,"AAAAAHcty1o=") -> #VALUE! | CN5: =AND(Datos!K71,"AAAAAHcty1s=") -> #VALUE! | CO5: =AND(Datos!L71,"AAAAAHcty1w=") -> #VALUE! | CP5: =AND(Datos!M71,"AAAAAHcty10=") -> #VALUE! | CQ5: =AND(Datos!N71,"AAAAAHcty14=") -> #VALUE! | CR5: =AND(Datos!O71,"AAAAAHcty18=") -> #VALUE! | CS5: =AND(Datos!P71,"AAAAAHcty2A=") -> #VALUE! | CT5: =AND(Datos!Q71,"AAAAAHcty2E=") -> #VALUE! | CU5: =AND(Datos!R71,"AAAAAHcty2I=") -> #VALUE! | CV5: =AND(Datos!S71,"AAAAAHcty2M=") -> #VALUE! | CW5: =AND(Datos!T71,"AAAAAHcty2Q=") -> #VALUE! | CX5: =AND(Datos!U71,"AAAAAHcty2U=") -> #VALUE! | CY5: =AND(Datos!V71,"AAAAAHcty2Y=") -> #VALUE! | CZ5: =AND(Datos!W71,"AAAAAHcty2c=") -> #VALUE! | DA5: =IF(Datos!#REF!,"AAAAAHcty2g=",0) -> #REF! | DB5: =AND(Datos!#REF!,"AAAAAHcty2k=") -> #REF! | DC5: =AND(Datos!#REF!,"AAAAAHcty2o=") -> #REF! | DD5: =AND(Datos!#REF!,"AAAAAHcty2s=") -> #REF! | DE5: =AND(Datos!#REF!,"AAAAAHcty2w=") -> #REF! | DF5: =AND(Datos!#REF!,"AAAAAHcty20=") -> #REF! | DG5: =AND(Datos!#REF!,"AAAAAHcty24=") -> #REF! | DH5: =AND(Datos!#REF!,"AAAAAHcty28=") -> #REF! | DI5: =AND(Datos!#REF!,"AAAAAHcty3A=") -> #REF! | DJ5: =AND(Datos!#REF!,"AAAAAHcty3E=") -> #REF! | DK5: =AND(Datos!#REF!,"AAAAAHcty3I=") -> #REF! | DL5: =AND(Datos!#REF!,"AAAAAHcty3M=") -> #REF! | DM5: =AND(Datos!#REF!,"AAAAAHcty3Q=") -> #REF! | DN5: =AND(Datos!#REF!,"AAAAAHcty3U=") -> #REF! | DO5: =AND(Datos!#REF!,"AAAAAHcty3Y=") -> #REF! | DP5: =AND(Datos!#REF!,"AAAAAHcty3c=") -> #REF! | DQ5: =AND(Datos!#REF!,"AAAAAHcty3g=") -> #REF! | DR5: =AND(Datos!#REF!,"AAAAAHcty3k=") -> #REF! | DS5: =AND(Datos!#REF!,"AAAAAHcty3o=") -> #REF! | DT5: =AND(Datos!#REF!,"AAAAAHcty3s=") -> #REF! | DU5: =AND(Datos!#REF!,"AAAAAHcty3w=") -> #REF! | DV5: =AND(Datos!#REF!,"AAAAAHcty30=") -> #REF! | DW5: =AND(Datos!#REF!,"AAAAAHcty34=") -> #REF! | DX5: =AND(Datos!#REF!,"AAAAAHcty38=") -> #REF! | DY5: =IF(Datos!#REF!,"AAAAAHcty4A=",0) -> #REF! | DZ5: =AND(Datos!#REF!,"AAAAAHcty4E=") -> #REF! | EA5: =AND(Datos!#REF!,"AAAAAHcty4I=") -> #REF! | EB5: =AND(Datos!#REF!,"AAAAAHcty4M=") -> #REF! | EC5: =AND(Datos!#REF!,"AAAAAHcty4Q=") -> #REF! | ED5: =AND(Datos!#REF!,"AAAAAHcty4U=") -> #REF! | EE5: =AND(Datos!#REF!,"AAAAAHcty4Y=") -> #REF! | EF5: =AND(Datos!#REF!,"AAAAAHcty4c=") -> #REF! | EG5: =AND(Datos!#REF!,"AAAAAHcty4g=") -> #REF! | EH5: =AND(Datos!#REF!,"AAAAAHcty4k=") -> #REF! | EI5: =AND(Datos!#REF!,"AAAAAHcty4o=") -> #REF! | EJ5: =AND(Datos!#REF!,"AAAAAHcty4s=") -> #REF! | EK5: =AND(Datos!#REF!,"AAAAAHcty4w=") -> #REF! | EL5: =AND(Datos!#REF!,"AAAAAHcty40=") -> #REF! | EM5: =AND(Datos!#REF!,"AAAAAHcty44=") -> #REF! | EN5: =AND(Datos!#REF!,"AAAAAHcty48=") -> #REF! | EO5: =AND(Datos!#REF!,"AAAAAHcty5A=") -> #REF! | EP5: =AND(Datos!#REF!,"AAAAAHcty5E=") -> #REF! | EQ5: =AND(Datos!#REF!,"AAAAAHcty5I=") -> #REF! | ER5: =AND(Datos!#REF!,"AAAAAHcty5M=") -> #REF! | ES5: =AND(Datos!#REF!,"AAAAAHcty5Q=") -> #REF! | ET5: =AND(Datos!#REF!,"AAAAAHcty5U=") -> #REF! | EU5: =AND(Datos!#REF!,"AAAAAHcty5Y=") -> #REF! | EV5: =AND(Datos!#REF!,"AAAAAHcty5c=") -> #REF! | EW5: =IF(Datos!#REF!,"AAAAAHcty5g=",0) -> #REF! | EX5: =AND(Datos!#REF!,"AAAAAHcty5k=") -> #REF! | EY5: =AND(Datos!#REF!,"AAAAAHcty5o=") -> #REF! | EZ5: =AND(Datos!#REF!,"AAAAAHcty5s=") -> #REF! | FA5: =AND(Datos!#REF!,"AAAAAHcty5w=") -> #REF! | FB5: =AND(Datos!#REF!,"AAAAAHcty50=") -> #REF! | FC5: =AND(Datos!#REF!,"AAAAAHcty54=") -> #REF! | FD5: =AND(Datos!#REF!,"AAAAAHcty58=") -> #REF! | FE5: =AND(Datos!#REF!,"AAAAAHcty6A=") -> #REF! | FF5: =AND(Datos!#REF!,"AAAAAHcty6E=") -> #REF! | FG5: =AND(Datos!#REF!,"AAAAAHcty6I=") -> #REF! | FH5: =AND(Datos!#REF!,"AAAAAHcty6M=") -> #REF! | FI5: =AND(Datos!#REF!,"AAAAAHcty6Q=") -> #REF! | FJ5: =AND(Datos!#REF!,"AAAAAHcty6U=") -> #REF! | FK5: =AND(Datos!#REF!,"AAAAAHcty6Y=") -> #REF! | FL5: =AND(Datos!#REF!,"AAAAAHcty6c=") -> #REF! | FM5: =AND(Datos!#REF!,"AAAAAHcty6g=") -> #REF! | FN5: =AND(Datos!#REF!,"AAAAAHcty6k=") -> #REF! | FO5: =AND(Datos!#REF!,"AAAAAHcty6o=") -> #REF! | FP5: =AND(Datos!#REF!,"AAAAAHcty6s=") -> #REF! | FQ5: =AND(Datos!#REF!,"AAAAAHcty6w=") -> #REF! | FR5: =AND(Datos!#REF!,"AAAAAHcty60=") -> #REF! | FS5: =AND(Datos!#REF!,"AAAAAHcty64=") -> #REF! | FT5: =AND(Datos!#REF!,"AAAAAHcty68=") -> #REF! | FU5: =IF(Datos!#REF!,"AAAAAHcty7A=",0) -> #REF! | FV5: =AND(Datos!#REF!,"AAAAAHcty7E=") -> #REF! | FW5: =AND(Datos!#REF!,"AAAAAHcty7I=") -> #REF! | FX5: =AND(Datos!#REF!,"AAAAAHcty7M=") -> #REF! | FY5: =AND(Datos!#REF!,"AAAAAHcty7Q=") -> #REF! | FZ5: =AND(Datos!#REF!,"AAAAAHcty7U=") -> #REF! | GA5: =AND(Datos!#REF!,"AAAAAHcty7Y=") -> #REF! | GB5: =AND(Datos!#REF!,"AAAAAHcty7c=") -> #REF! | GC5: =AND(Datos!#REF!,"AAAAAHcty7g=") -> #REF! | GD5: =AND(Datos!#REF!,"AAAAAHcty7k=") -> #REF! | GE5: =AND(Datos!#REF!,"AAAAAHcty7o=") -> #REF! | GF5: =AND(Datos!#REF!,"AAAAAHcty7s=") -> #REF! | GG5: =AND(Datos!#REF!,"AAAAAHcty7w=") -> #REF! | GH5: =AND(Datos!#REF!,"AAAAAHcty70=") -> #REF! | GI5: =AND(Datos!#REF!,"AAAAAHcty74=") -> #REF! | GJ5: =AND(Datos!#REF!,"AAAAAHcty78=") -> #REF! | GK5: =AND(Datos!#REF!,"AAAAAHcty8A=") -> #REF! | GL5: =AND(Datos!#REF!,"AAAAAHcty8E=") -> #REF! | GM5: =AND(Datos!#REF!,"AAAAAHcty8I=") -> #REF! | GN5: =AND(Datos!#REF!,"AAAAAHcty8M=") -> #REF! | GO5: =AND(Datos!#REF!,"AAAAAHcty8Q=") -> #REF! | GP5: =AND(Datos!#REF!,"AAAAAHcty8U=") -> #REF! | GQ5: =AND(Datos!#REF!,"AAAAAHcty8Y=") -> #REF! | GR5: =AND(Datos!#REF!,"AAAAAHcty8c=") -> #REF! | GS5: =IF(Datos!#REF!,"AAAAAHcty8g=",0) -> #REF! | GT5: =AND(Datos!#REF!,"AAAAAHcty8k=") -> #REF! | GU5: =AND(Datos!#REF!,"AAAAAHcty8o=") -> #REF! | GV5: =AND(Datos!#REF!,"AAAAAHcty8s=") -> #REF! | GW5: =AND(Datos!#REF!,"AAAAAHcty8w=") -> #REF! | GX5: =AND(Datos!#REF!,"AAAAAHcty80=") -> #REF! | GY5: =AND(Datos!#REF!,"AAAAAHcty84=") -> #REF! | GZ5: =AND(Datos!#REF!,"AAAAAHcty88=") -> #REF! | HA5: =AND(Datos!#REF!,"AAAAAHcty9A=") -> #REF! | HB5: =AND(Datos!#REF!,"AAAAAHcty9E=") -> #REF! | HC5: =AND(Datos!#REF!,"AAAAAHcty9I=") -> #REF! | HD5: =AND(Datos!#REF!,"AAAAAHcty9M=") -> #REF! | HE5: =AND(Datos!#REF!,"AAAAAHcty9Q=") -> #REF! | HF5: =AND(Datos!#REF!,"AAAAAHcty9U=") -> #REF! | HG5: =AND(Datos!#REF!,"AAAAAHcty9Y=") -> #REF! | HH5: =AND(Datos!#REF!,"AAAAAHcty9c=") -> #REF! | HI5: =AND(Datos!#REF!,"AAAAAHcty9g=") -> #REF! | HJ5: =AND(Datos!#REF!,"AAAAAHcty9k=") -> #REF! | HK5: =AND(Datos!#REF!,"AAAAAHcty9o=") -> #REF! | HL5: =AND(Datos!#REF!,"AAAAAHcty9s=") -> #REF! | HM5: =AND(Datos!#REF!,"AAAAAHcty9w=") -> #REF! | HN5: =AND(Datos!#REF!,"AAAAAHcty90=") -> #REF! | HO5: =AND(Datos!#REF!,"AAAAAHcty94=") -> #REF! | HP5: =AND(Datos!#REF!,"AAAAAHcty98=") -> #REF! | HQ5: =IF(Datos!72:72,"AAAAAHcty+A=",0) -> 0 | HR5: =AND(Datos!A72,"AAAAAHcty+E=") -> #VALUE! | HS5: =AND(Datos!B72,"AAAAAHcty+I=") -> #VALUE! | HT5: =AND(Datos!C72,"AAAAAHcty+M=") -> #VALUE! | HU5: =AND(Datos!D72,"AAAAAHcty+Q=") -> #VALUE! | HV5: =AND(Datos!E72,"AAAAAHcty+U=") -> #VALUE! | HW5: =AND(Datos!F72,"AAAAAHcty+Y=") -> #VALUE! | HX5: =AND(Datos!G72,"AAAAAHcty+c=") -> #VALUE! | HY5: =AND(Datos!H72,"AAAAAHcty+g=") -> #VALUE! | HZ5: =AND(Datos!I72,"AAAAAHcty+k=") -> #VALUE! | IA5: =AND(Datos!J72,"AAAAAHcty+o=") -> #VALUE! | IB5: =AND(Datos!K72,"AAAAAHcty+s=") -> #VALUE! | IC5: =AND(Datos!L72,"AAAAAHcty+w=") -> #VALUE! | ID5: =AND(Datos!M72,"AAAAAHcty+0=") -> #VALUE! | IE5: =AND(Datos!#REF!,"AAAAAHcty+4=") -> #REF! | IF5: =AND(Datos!#REF!,"AAAAAHcty+8=") -> #REF! | IG5: =AND(Datos!P72,"AAAAAHcty/A=") -> #VALUE! | IH5: =AND(Datos!Q72,"AAAAAHcty/E=") -> #VALUE! | II5: =AND(Datos!R72,"AAAAAHcty/I=") -> #VALUE! | IJ5: =AND(Datos!S72,"AAAAAHcty/M=") -> #VALUE! | IK5: =AND(Datos!T72,"AAAAAHcty/Q=") -> #VALUE! | IL5: =AND(Datos!U72,"AAAAAHcty/U=") -> #VALUE! | IM5: =AND(Datos!V72,"AAAAAHcty/Y=") -> #VALUE! | IN5: =AND(Datos!W72,"AAAAAHcty/c=") -> #VALUE! | IO5: =IF(Datos!73:73,"AAAAAHcty/g=",0) -> 0 | IP5: =AND(Datos!A73,"AAAAAHcty/k=") -> #VALUE! | IQ5: =AND(Datos!B73,"AAAAAHcty/o=") -> #VALUE! | IR5: =AND(Datos!C73,"AAAAAHcty/s=") -> #VALUE! | IS5: =AND(Datos!D73,"AAAAAHcty/w=") -> #VALUE! | IT5: =AND(Datos!E73,"AAAAAHcty/0=") -> #VALUE! | IU5: =AND(Datos!F73,"AAAAAHcty/4=") -> #VALUE! | IV5: =AND(Datos!G73,"AAAAAHcty/8=") -> #VALUE!
A6: =AND(Datos!H73,"AAAAAH3+3gA=") -> #VALUE! | B6: =AND(Datos!I73,"AAAAAH3+3gE=") -> #VALUE! | C6: =AND(Datos!J73,"AAAAAH3+3gI=") -> #VALUE! | D6: =AND(Datos!#REF!,"AAAAAH3+3gM=") -> #REF! | E6: =AND(Datos!L73,"AAAAAH3+3gQ=") -> #VALUE! | F6: =AND(Datos!M73,"AAAAAH3+3gU=") -> #VALUE! | G6: =AND(Datos!#REF!,"AAAAAH3+3gY=") -> #REF! | H6: =AND(Datos!#REF!,"AAAAAH3+3gc=") -> #REF! | I6: =AND(Datos!P73,"AAAAAH3+3gg=") -> #VALUE! | J6: =AND(Datos!Q73,"AAAAAH3+3gk=") -> #VALUE! | K6: =AND(Datos!R73,"AAAAAH3+3go=") -> #VALUE! | L6: =AND(Datos!S73,"AAAAAH3+3gs=") -> #VALUE! | M6: =AND(Datos!T73,"AAAAAH3+3gw=") -> #VALUE! | N6: =AND(Datos!U73,"AAAAAH3+3g0=") -> #VALUE! | O6: =AND(Datos!V73,"AAAAAH3+3g4=") -> #VALUE! | P6: =AND(Datos!W73,"AAAAAH3+3g8=") -> #VALUE! | Q6: =IF(Datos!74:74,"AAAAAH3+3hA=",0) -> 0 | R6: =AND(Datos!A74,"AAAAAH3+3hE=") -> #VALUE! | S6: =AND(Datos!B74,"AAAAAH3+3hI=") -> #VALUE! | T6: =AND(Datos!C74,"AAAAAH3+3hM=") -> #VALUE! | U6: =AND(Datos!D74,"AAAAAH3+3hQ=") -> #VALUE! | V6: =AND(Datos!E74,"AAAAAH3+3hU=") -> #VALUE! | W6: =AND(Datos!F74,"AAAAAH3+3hY=") -> #VALUE! | X6: =AND(Datos!G74,"AAAAAH3+3hc=") -> #VALUE! | Y6: =AND(Datos!H74,"AAAAAH3+3hg=") -> #VALUE! | Z6: =AND(Datos!I74,"AAAAAH3+3hk=") -> #VALUE! | AA6: =AND(Datos!J74,"AAAAAH3+3ho=") -> #VALUE! | AB6: =AND(Datos!K73,"AAAAAH3+3hs=") -> #VALUE! | AC6: =AND(Datos!L74,"AAAAAH3+3hw=") -> #VALUE! | AD6: =AND(Datos!M74,"AAAAAH3+3h0=") -> #VALUE! | AE6: =AND(Datos!#REF!,"AAAAAH3+3h4=") -> #REF! | AF6: =AND(Datos!#REF!,"AAAAAH3+3h8=") -> #REF! | AG6: =AND(Datos!P74,"AAAAAH3+3iA=") -> #VALUE! | AH6: =AND(Datos!Q74,"AAAAAH3+3iE=") -> #VALUE! | AI6: =AND(Datos!R74,"AAAAAH3+3iI=") -> #VALUE! | AJ6: =AND(Datos!S74,"AAAAAH3+3iM=") -> #VALUE! | AK6: =AND(Datos!T74,"AAAAAH3+3iQ=") -> #VALUE! | AL6: =AND(Datos!U74,"AAAAAH3+3iU=") -> #VALUE! | AM6: =AND(Datos!V74,"AAAAAH3+3iY=") -> #VALUE! | AN6: =AND(Datos!W74,"AAAAAH3+3ic=") -> #VALUE! | AO6: =IF(Datos!75:75,"AAAAAH3+3ig=",0) -> 0 | AP6: =AND(Datos!A75,"AAAAAH3+3ik=") -> #VALUE! | AQ6: =AND(Datos!B75,"AAAAAH3+3io=") -> #VALUE! | AR6: =AND(Datos!C75,"AAAAAH3+3is=") -> #VALUE! | AS6: =AND(Datos!D75,"AAAAAH3+3iw=") -> #VALUE! | AT6: =AND(Datos!E75,"AAAAAH3+3i0=") -> #VALUE! | AU6: =AND(Datos!F75,"AAAAAH3+3i4=") -> #VALUE! | AV6: =AND(Datos!G75,"AAAAAH3+3i8=") -> #VALUE! | AW6: =AND(Datos!H75,"AAAAAH3+3jA=") -> #VALUE! | AX6: =AND(Datos!I75,"AAAAAH3+3jE=") -> #VALUE! | AY6: =AND(Datos!J75,"AAAAAH3+3jI=") -> #VALUE! | AZ6: =AND(Datos!#REF!,"AAAAAH3+3jM=") -> #REF! | BA6: =AND(Datos!L75,"AAAAAH3+3jQ=") -> #VALUE! | BB6: =AND(Datos!M75,"AAAAAH3+3jU=") -> #VALUE! | BC6: =AND(Datos!N75,"AAAAAH3+3jY=") -> #VALUE! | BD6: =AND(Datos!#REF!,"AAAAAH3+3jc=") -> #REF! | BE6: =AND(Datos!P75,"AAAAAH3+3jg=") -> #VALUE! | BF6: =AND(Datos!Q75,"AAAAAH3+3jk=") -> #VALUE! | BG6: =AND(Datos!R75,"AAAAAH3+3jo=") -> #VALUE! | BH6: =AND(Datos!S75,"AAAAAH3+3js=") -> #VALUE! | BI6: =AND(Datos!T75,"AAAAAH3+3jw=") -> #VALUE! | BJ6: =AND(Datos!U75,"AAAAAH3+3j0=") -> #VALUE! | BK6: =AND(Datos!V75,"AAAAAH3+3j4=") -> #VALUE! | BL6: =AND(Datos!W75,"AAAAAH3+3j8=") -> #VALUE! | BM6: =IF(Datos!76:76,"AAAAAH3+3kA=",0) -> 0 | BN6: =AND(Datos!A76,"AAAAAH3+3kE=") -> #VALUE! | BO6: =AND(Datos!B76,"AAAAAH3+3kI=") -> #VALUE! | BP6: =AND(Datos!C76,"AAAAAH3+3kM=") -> #VALUE! | BQ6: =AND(Datos!D76,"AAAAAH3+3kQ=") -> #VALUE! | BR6: =AND(Datos!E76,"AAAAAH3+3kU=") -> #VALUE! | BS6: =AND(Datos!F76,"AAAAAH3+3kY=") -> #VALUE! | BT6: =AND(Datos!G76,"AAAAAH3+3kc=") -> #VALUE! | BU6: =AND(Datos!H76,"AAAAAH3+3kg=") -> #VALUE! | BV6: =AND(Datos!I76,"AAAAAH3+3kk=") -> #VALUE! | BW6: =AND(Datos!J76,"AAAAAH3+3ko=") -> #VALUE! | BX6: =AND(Datos!K76,"AAAAAH3+3ks=") -> #VALUE! | BY6: =IF(Datos!77:77,"AAAAAH3+3kw=",0) -> 0 | BZ6: =AND(Datos!A77,"AAAAAH3+3k0=") -> #VALUE! | CA6: =AND(Datos!B77,"AAAAAH3+3k4=") -> #VALUE! | CB6: =AND(Datos!C77,"AAAAAH3+3k8=") -> #VALUE! | CC6: =AND(Datos!D77,"AAAAAH3+3lA=") -> #VALUE! | CD6: =AND(Datos!E77,"AAAAAH3+3lE=") -> #VALUE! | CE6: =AND(Datos!F77,"AAAAAH3+3lI=") -> #VALUE! | CF6: =AND(Datos!G77,"AAAAAH3+3lM=") -> #VALUE! | CG6: =AND(Datos!H77,"AAAAAH3+3lQ=") -> #VALUE! | CH6: =AND(Datos!I77,"AAAAAH3+3lU=") -> #VALUE! | CI6: =AND(Datos!J77,"AAAAAH3+3lY=") -> #VALUE! | CJ6: =AND(Datos!K74,"AAAAAH3+3lc=") -> #VALUE! | CK6: =IF(Datos!78:78,"AAAAAH3+3lg=",0) -> 0 | CL6: =AND(Datos!A78,"AAAAAH3+3lk=") -> #VALUE! | CM6: =AND(Datos!B78,"AAAAAH3+3lo=") -> #VALUE! | CN6: =AND(Datos!C78,"AAAAAH3+3ls=") -> #VALUE! | CO6: =AND(Datos!D78,"AAAAAH3+3lw=") -> #VALUE! | CP6: =AND(Datos!E78,"AAAAAH3+3l0=") -> #VALUE! | CQ6: =AND(Datos!F78,"AAAAAH3+3l4=") -> #VALUE! | CR6: =AND(Datos!G78,"AAAAAH3+3l8=") -> #VALUE! | CS6: =AND(Datos!H78,"AAAAAH3+3mA=") -> #VALUE! | CT6: =AND(Datos!I78,"AAAAAH3+3mE=") -> #VALUE! | CU6: =AND(Datos!J78,"AAAAAH3+3mI=") -> #VALUE! | CV6: =AND(Datos!K78,"AAAAAH3+3mM=") -> #VALUE! | CW6: =IF(Datos!79:79,"AAAAAH3+3mQ=",0) -> 0 | CX6: =AND(Datos!A79,"AAAAAH3+3mU=") -> #VALUE! | CY6: =AND(Datos!B79,"AAAAAH3+3mY=") -> #VALUE! | CZ6: =AND(Datos!C79,"AAAAAH3+3mc=") -> #VALUE! | DA6: =AND(Datos!D79,"AAAAAH3+3mg=") -> #VALUE! | DB6: =AND(Datos!E79,"AAAAAH3+3mk=") -> #VALUE! | DC6: =AND(Datos!F79,"AAAAAH3+3mo=") -> #VALUE! | DD6: =AND(Datos!G79,"AAAAAH3+3ms=") -> #VALUE! | DE6: =AND(Datos!H79,"AAAAAH3+3mw=") -> #VALUE! | DF6: =AND(Datos!I79,"AAAAAH3+3m0=") -> #VALUE! | DG6: =AND(Datos!J79,"AAAAAH3+3m4=") -> #VALUE! | DH6: =AND(Datos!K79,"AAAAAH3+3m8=") -> #VALUE! | DI6: =IF(Datos!80:80,"AAAAAH3+3nA=",0) -> 0 | DJ6: =AND(Datos!A80,"AAAAAH3+3nE=") -> #VALUE! | DK6: =AND(Datos!B80,"AAAAAH3+3nI=") -> #VALUE! | DL6: =AND(Datos!C80,"AAAAAH3+3nM=") -> #VALUE! | DM6: =AND(Datos!D80,"AAAAAH3+3nQ=") -> #VALUE! | DN6: =AND(Datos!E80,"AAAAAH3+3nU=") -> #VALUE! | DO6: =AND(Datos!F80,"AAAAAH3+3nY=") -> #VALUE! | DP6: =AND(Datos!G80,"AAAAAH3+3nc=") -> #VALUE! | DQ6: =AND(Datos!H80,"AAAAAH3+3ng=") -> #VALUE! | DR6: =AND(Datos!I80,"AAAAAH3+3nk=") -> #VALUE! | DS6: =AND(Datos!J80,"AAAAAH3+3no=") -> #VALUE! | DT6: =AND(Datos!K80,"AAAAAH3+3ns=") -> #VALUE! | DU6: =IF(Datos!81:81,"AAAAAH3+3nw=",0) -> 0 | DV6: =AND(Datos!A81,"AAAAAH3+3n0=") -> #VALUE! | DW6: =AND(Datos!B81,"AAAAAH3+3n4=") -> #VALUE! | DX6: =AND(Datos!C81,"AAAAAH3+3n8=") -> #VALUE! | DY6: =AND(Datos!D81,"AAAAAH3+3oA=") -> #VALUE! | DZ6: =AND(Datos!E81,"AAAAAH3+3oE=") -> #VALUE! | EA6: =AND(Datos!F81,"AAAAAH3+3oI=") -> #VALUE! | EB6: =AND(Datos!G81,"AAAAAH3+3oM=") -> #VALUE! | EC6: =AND(Datos!H81,"AAAAAH3+3oQ=") -> #VALUE! | ED6: =AND(Datos!I81,"AAAAAH3+3oU=") -> #VALUE! | EE6: =AND(Datos!J81,"AAAAAH3+3oY=") -> #VALUE! | EF6: =AND(Datos!K81,"AAAAAH3+3oc=") -> #VALUE! | EG6: =IF(Datos!82:82,"AAAAAH3+3og=",0) -> 0 | EH6: =AND(Datos!A82,"AAAAAH3+3ok=") -> #VALUE! | EI6: =AND(Datos!B82,"AAAAAH3+3oo=") -> #VALUE! | EJ6: =AND(Datos!C82,"AAAAAH3+3os=") -> #VALUE! | EK6: =AND(Datos!D82,"AAAAAH3+3ow=") -> #VALUE! | EL6: =AND(Datos!E82,"AAAAAH3+3o0=") -> #VALUE! | EM6: =AND(Datos!F82,"AAAAAH3+3o4=") -> #VALUE! | EN6: =AND(Datos!G82,"AAAAAH3+3o8=") -> #VALUE! | EO6: =AND(Datos!H82,"AAAAAH3+3pA=") -> #VALUE! | EP6: =AND(Datos!I82,"AAAAAH3+3pE=") -> #VALUE! | EQ6: =AND(Datos!J82,"AAAAAH3+3pI=") -> #VALUE! | ER6: =AND(Datos!K82,"AAAAAH3+3pM=") -> #VALUE! | ES6: =IF(Datos!83:83,"AAAAAH3+3pQ=",0) -> 0 | ET6: =AND(Datos!A83,"AAAAAH3+3pU=") -> #VALUE! | EU6: =AND(Datos!B83,"AAAAAH3+3pY=") -> #VALUE! | EV6: =AND(Datos!C83,"AAAAAH3+3pc=") -> #VALUE! | EW6: =AND(Datos!D83,"AAAAAH3+3pg=") -> #VALUE! | EX6: =AND(Datos!E83,"AAAAAH3+3pk=") -> #VALUE! | EY6: =AND(Datos!F83,"AAAAAH3+3po=") -> #VALUE! | EZ6: =AND(Datos!G83,"AAAAAH3+3ps=") -> #VALUE! | FA6: =AND(Datos!H83,"AAAAAH3+3pw=") -> #VALUE! | FB6: =AND(Datos!I83,"AAAAAH3+3p0=") -> #VALUE! | FC6: =AND(Datos!J83,"AAAAAH3+3p4=") -> #VALUE! | FD6: =AND(Datos!K75,"AAAAAH3+3p8=") -> #VALUE! | FE6: =IF(Datos!84:84,"AAAAAH3+3qA=",0) -> 0 | FF6: =AND(Datos!A84,"AAAAAH3+3qE=") -> #VALUE! | FG6: =AND(Datos!B84,"AAAAAH3+3qI=") -> #VALUE! | FH6: =AND(Datos!C84,"AAAAAH3+3qM=") -> #VALUE! | FI6: =AND(Datos!D84,"AAAAAH3+3qQ=") -> #VALUE! | FJ6: =AND(Datos!E84,"AAAAAH3+3qU=") -> #VALUE! | FK6: =AND(Datos!F84,"AAAAAH3+3qY=") -> #VALUE! | FL6: =AND(Datos!G84,"AAAAAH3+3qc=") -> #VALUE! | FM6: =AND(Datos!H84,"AAAAAH3+3qg=") -> #VALUE! | FN6: =AND(Datos!I84,"AAAAAH3+3qk=") -> #VALUE! | FO6: =AND(Datos!J84,"AAAAAH3+3qo=") -> #VALUE! | FP6: =AND(Datos!K84,"AAAAAH3+3qs=") -> #VALUE! | FQ6: =IF(Datos!85:85,"AAAAAH3+3qw=",0) -> 0 | FR6: =AND(Datos!A85,"AAAAAH3+3q0=") -> #VALUE! | FS6: =AND(Datos!B85,"AAAAAH3+3q4=") -> #VALUE! | FT6: =AND(Datos!C85,"AAAAAH3+3q8=") -> #VALUE! | FU6: =AND(Datos!D85,"AAAAAH3+3rA=") -> #VALUE! | FV6: =AND(Datos!E85,"AAAAAH3+3rE=") -> #VALUE! | FW6: =AND(Datos!F85,"AAAAAH3+3rI=") -> #VALUE! | FX6: =AND(Datos!G85,"AAAAAH3+3rM=") -> #VALUE! | FY6: =AND(Datos!H85,"AAAAAH3+3rQ=") -> #VALUE! | FZ6: =AND(Datos!I85,"AAAAAH3+3rU=") -> #VALUE! | GA6: =AND(Datos!J85,"AAAAAH3+3rY=") -> #VALUE! | GB6: =AND(Datos!K85,"AAAAAH3+3rc=") -> #VALUE! | GC6: =IF(Datos!86:86,"AAAAAH3+3rg=",0) -> 0 | GD6: =AND(Datos!A86,"AAAAAH3+3rk=") -> #VALUE! | GE6: =AND(Datos!B86,"AAAAAH3+3ro=") -> #VALUE! | GF6: =AND(Datos!C86,"AAAAAH3+3rs=") -> #VALUE! | GG6: =AND(Datos!D86,"AAAAAH3+3rw=") -> #VALUE! | GH6: =AND(Datos!E86,"AAAAAH3+3r0=") -> #VALUE! | GI6: =AND(Datos!F86,"AAAAAH3+3r4=") -> #VALUE! | GJ6: =AND(Datos!G86,"AAAAAH3+3r8=") -> #VALUE! | GK6: =AND(Datos!H86,"AAAAAH3+3sA=") -> #VALUE! | GL6: =AND(Datos!I86,"AAAAAH3+3sE=") -> #VALUE! | GM6: =AND(Datos!J86,"AAAAAH3+3sI=") -> #VALUE! | GN6: =AND(Datos!K86,"AAAAAH3+3sM=") -> #VALUE! | GO6: =IF(Datos!87:87,"AAAAAH3+3sQ=",0) -> 0 | GP6: =AND(Datos!A87,"AAAAAH3+3sU=") -> #VALUE! | GQ6: =AND(Datos!B87,"AAAAAH3+3sY=") -> #VALUE! | GR6: =AND(Datos!C87,"AAAAAH3+3sc=") -> #VALUE! | GS6: =AND(Datos!D87,"AAAAAH3+3sg=") -> #VALUE! | GT6: =AND(Datos!E87,"AAAAAH3+3sk=") -> #VALUE! | GU6: =AND(Datos!F87,"AAAAAH3+3so=") -> #VALUE! | GV6: =AND(Datos!G87,"AAAAAH3+3ss=") -> #VALUE! | GW6: =AND(Datos!H87,"AAAAAH3+3sw=") -> #VALUE! | GX6: =AND(Datos!I87,"AAAAAH3+3s0=") -> #VALUE! | GY6: =AND(Datos!J87,"AAAAAH3+3s4=") -> #VALUE! | GZ6: =AND(Datos!#REF!,"AAAAAH3+3s8=") -> #REF! | HA6: =IF(Datos!A:A,"AAAAAH3+3tA=",0) -> 0 | HB6: =IF(Datos!B:B,"AAAAAH3+3tE=",0) -> 0 | HC6: =IF(Datos!C:C,"AAAAAH3+3tI=",0) -> 0 | HD6: =IF(Datos!D:D,"AAAAAH3+3tM=",0) -> 0 | HE6: =IF(Datos!E:E,"AAAAAH3+3tQ=",0) -> 0 | HF6: =IF(Datos!F:F,"AAAAAH3+3tU=",0) -> 0 | HG6: =IF(Datos!G:G,"AAAAAH3+3tY=",0) -> 0 | HH6: =IF(Datos!H:H,"AAAAAH3+3tc=",0) -> 0 | HI6: =IF(Datos!I:I,"AAAAAH3+3tg=",0) -> 0 | HJ6: =IF(Datos!J:J,"AAAAAH3+3tk=",0) -> 0 | HK6: =IF(Datos!K:K,"AAAAAH3+3to=",0) -> 0 | HL6: =IF(Datos!L:L,"AAAAAH3+3ts=",0) -> 0 | HM6: =IF(Datos!M:M,"AAAAAH3+3tw=",0) -> 0 | HN6: =IF(Datos!N:N,"AAAAAH3+3t0=",0) -> 0 | HO6: =IF(Datos!O:O,"AAAAAH3+3t4=",0) -> 0 | HP6: =IF(Datos!P:P,"AAAAAH3+3t8=",0) -> 0 | HQ6: =IF(Datos!Q:Q,"AAAAAH3+3uA=",0) -> 0 | HR6: =IF(Datos!R:R,"AAAAAH3+3uE=",0) -> 0 | HS6: =IF(Datos!S:S,"AAAAAH3+3uI=",0) -> 0 | HT6: =IF(Datos!T:T,"AAAAAH3+3uM=",0) -> 0 | HU6: =IF(Datos!U:U,"AAAAAH3+3uQ=",0) -> 0 | HV6: =IF(Datos!V:V,"AAAAAH3+3uU=",0) -> 0 | HW6: =IF(Datos!W:W,"AAAAAH3+3uY=",0) -> 0 | HX6: =IF(Clasificación!1:1,"AAAAAH3+3uc=",0) -> 0 | HY6: =AND(Clasificación!A1,"AAAAAH3+3ug=") -> #VALUE! | HZ6: =AND(Clasificación!B1,"AAAAAH3+3uk=") -> #VALUE! | IA6: =AND(Clasificación!C1,"AAAAAH3+3uo=") -> #VALUE! | IB6: =AND(Clasificación!D1,"AAAAAH3+3us=") -> #VALUE! | IC6: =AND(Clasificación!E1,"AAAAAH3+3uw=") -> #VALUE! | ID6: =AND(Clasificación!F1,"AAAAAH3+3u0=") -> #VALUE! | IE6: =AND(Clasificación!G1,"AAAAAH3+3u4=") -> #VALUE! | IF6: =AND(Clasificación!H1,"AAAAAH3+3u8=") -> #VALUE! | IG6: =AND(Clasificación!I1,"AAAAAH3+3vA=") -> #VALUE! | IH6: =IF(Clasificación!2:2,"AAAAAH3+3vE=",0) -> 0 | II6: =AND(Clasificación!A2,"AAAAAH3+3vI=") -> #VALUE! | IJ6: =AND(Clasificación!B2,"AAAAAH3+3vM=") -> #VALUE! | IK6: =AND(Clasificación!C2,"AAAAAH3+3vQ=") -> #VALUE! | IL6: =AND(Clasificación!D2,"AAAAAH3+3vU=") -> #VALUE! | IM6: =AND(Clasificación!E2,"AAAAAH3+3vY=") -> #VALUE! | IN6: =AND(Clasificación!F2,"AAAAAH3+3vc=") -> #VALUE! | IO6: =AND(Clasificación!G2,"AAAAAH3+3vg=") -> #VALUE! | IP6: =AND(Clasificación!H2,"AAAAAH3+3vk=") -> #VALUE! | IQ6: =AND(Clasificación!I2,"AAAAAH3+3vo=") -> #VALUE! | IR6: =IF(Clasificación!3:3,"AAAAAH3+3vs=",0) -> 0 | IS6: =AND(Clasificación!A3,"AAAAAH3+3vw=") -> #VALUE! | IT6: =AND(Clasificación!B3,"AAAAAH3+3v0=") -> #VALUE! | IU6: =AND(Clasificación!C3,"AAAAAH3+3v4=") -> #VALUE! | IV6: =AND(Clasificación!D3,"AAAAAH3+3v8=") -> #VALUE!
A7: =AND(Clasificación!E3,"AAAAAF7+/gA=") -> #VALUE! | B7: =AND(Clasificación!F3,"AAAAAF7+/gE=") -> #VALUE! | C7: =AND(Clasificación!G3,"AAAAAF7+/gI=") -> #VALUE! | D7: =AND(Clasificación!H3,"AAAAAF7+/gM=") -> #VALUE! | E7: =AND(Clasificación!I3,"AAAAAF7+/gQ=") -> #VALUE! | F7: =IF(Clasificación!4:4,"AAAAAF7+/gU=",0) -> 0 | G7: =AND(Clasificación!A4,"AAAAAF7+/gY=") -> #VALUE! | H7: =AND(Clasificación!B4,"AAAAAF7+/gc=") -> #VALUE! | I7: =AND(Clasificación!C4,"AAAAAF7+/gg=") -> #VALUE! | J7: =AND(Clasificación!D4,"AAAAAF7+/gk=") -> #VALUE! | K7: =AND(Clasificación!E4,"AAAAAF7+/go=") -> #VALUE! | L7: =AND(Clasificación!F4,"AAAAAF7+/gs=") -> #VALUE! | M7: =AND(Clasificación!G4,"AAAAAF7+/gw=") -> #VALUE! | N7: =AND(Clasificación!H4,"AAAAAF7+/g0=") -> #VALUE! | O7: =AND(Clasificación!I4,"AAAAAF7+/g4=") -> #VALUE! | P7: =IF(Clasificación!5:5,"AAAAAF7+/g8=",0) -> 0 | Q7: =AND(Clasificación!A5,"AAAAAF7+/hA=") -> #VALUE! | R7: =AND(Clasificación!B5,"AAAAAF7+/hE=") -> #VALUE! | S7: =AND(Clasificación!C5,"AAAAAF7+/hI=") -> #VALUE! | T7: =AND(Clasificación!D5,"AAAAAF7+/hM=") -> #VALUE! | U7: =AND(Clasificación!E5,"AAAAAF7+/hQ=") -> #VALUE! | V7: =AND(Clasificación!F5,"AAAAAF7+/hU=") -> #VALUE! | W7: =AND(Clasificación!G5,"AAAAAF7+/hY=") -> #VALUE! | X7: =AND(Clasificación!H5,"AAAAAF7+/hc=") -> #VALUE! | Y7: =AND(Clasificación!I5,"AAAAAF7+/hg=") -> #VALUE! | Z7: =IF(Clasificación!6:6,"AAAAAF7+/hk=",0) -> 0 | AA7: =AND(Clasificación!A6,"AAAAAF7+/ho=") -> #VALUE! | AB7: =AND(Clasificación!B6,"AAAAAF7+/hs=") -> #VALUE! | AC7: =AND(Clasificación!C6,"AAAAAF7+/hw=") -> #VALUE! | AD7: =AND(Clasificación!D6,"AAAAAF7+/h0=") -> #VALUE! | AE7: =AND(Clasificación!E6,"AAAAAF7+/h4=") -> #VALUE! | AF7: =AND(Clasificación!F6,"AAAAAF7+/h8=") -> #VALUE! | AG7: =AND(Clasificación!G6,"AAAAAF7+/iA=") -> #VALUE! | AH7: =AND(Clasificación!H6,"AAAAAF7+/iE=") -> #VALUE! | AI7: =AND(Clasificación!I6,"AAAAAF7+/iI=") -> #VALUE! | AJ7: =IF(Clasificación!7:7,"AAAAAF7+/iM=",0) -> 0 | AK7: =AND(Clasificación!A7,"AAAAAF7+/iQ=") -> #VALUE! | AL7: =AND(Clasificación!B7,"AAAAAF7+/iU=") -> #VALUE! | AM7: =AND(Clasificación!C7,"AAAAAF7+/iY=") -> #VALUE! | AN7: =AND(Clasificación!D7,"AAAAAF7+/ic=") -> #VALUE! | AO7: =AND(Clasificación!E7,"AAAAAF7+/ig=") -> #VALUE! | AP7: =AND(Clasificación!F7,"AAAAAF7+/ik=") -> #VALUE! | AQ7: =AND(Clasificación!G7,"AAAAAF7+/io=") -> #VALUE! | AR7: =AND(Clasificación!H7,"AAAAAF7+/is=") -> #VALUE! | AS7: =AND(Clasificación!I7,"AAAAAF7+/iw=") -> #VALUE! | AT7: =IF(Clasificación!8:8,"AAAAAF7+/i0=",0) -> 0 | AU7: =AND(Clasificación!A8,"AAAAAF7+/i4=") -> #VALUE! | AV7: =AND(Clasificación!B8,"AAAAAF7+/i8=") -> #VALUE! | AW7: =AND(Clasificación!C8,"AAAAAF7+/jA=") -> #VALUE! | AX7: =AND(Clasificación!D8,"AAAAAF7+/jE=") -> #VALUE! | AY7: =AND(Clasificación!E8,"AAAAAF7+/jI=") -> #VALUE! | AZ7: =AND(Clasificación!F8,"AAAAAF7+/jM=") -> #VALUE! | BA7: =AND(Clasificación!G8,"AAAAAF7+/jQ=") -> #VALUE! | BB7: =AND(Clasificación!H8,"AAAAAF7+/jU=") -> #VALUE! | BC7: =AND(Clasificación!I8,"AAAAAF7+/jY=") -> #VALUE! | BD7: =IF(Clasificación!9:9,"AAAAAF7+/jc=",0) -> 0 | BE7: =AND(Clasificación!A9,"AAAAAF7+/jg=") -> #VALUE! | BF7: =AND(Clasificación!B9,"AAAAAF7+/jk=") -> #VALUE! | BG7: =AND(Clasificación!C9,"AAAAAF7+/jo=") -> #VALUE! | BH7: =AND(Clasificación!D9,"AAAAAF7+/js=") -> #VALUE! | BI7: =AND(Clasificación!E9,"AAAAAF7+/jw=") -> #VALUE! | BJ7: =AND(Clasificación!F9,"AAAAAF7+/j0=") -> #VALUE! | BK7: =AND(Clasificación!G9,"AAAAAF7+/j4=") -> #VALUE! | BL7: =AND(Clasificación!H9,"AAAAAF7+/j8=") -> #VALUE! | BM7: =AND(Clasificación!I9,"AAAAAF7+/kA=") -> #VALUE! | BN7: =IF(Clasificación!10:10,"AAAAAF7+/kE=",0) -> 0 | BO7: =AND(Clasificación!A10,"AAAAAF7+/kI=") -> #VALUE! | BP7: =AND(Clasificación!B10,"AAAAAF7+/kM=") -> #VALUE! | BQ7: =AND(Clasificación!C10,"AAAAAF7+/kQ=") -> #VALUE! | BR7: =AND(Clasificación!D10,"AAAAAF7+/kU=") -> #VALUE! | BS7: =AND(Clasificación!E10,"AAAAAF7+/kY=") -> #VALUE! | BT7: =AND(Clasificación!F10,"AAAAAF7+/kc=") -> #VALUE! | BU7: =AND(Clasificación!G10,"AAAAAF7+/kg=") -> #VALUE! | BV7: =AND(Clasificación!H10,"AAAAAF7+/kk=") -> #VALUE! | BW7: =AND(Clasificación!I10,"AAAAAF7+/ko=") -> #VALUE! | BX7: =IF(Clasificación!11:11,"AAAAAF7+/ks=",0) -> 0 | BY7: =AND(Clasificación!A11,"AAAAAF7+/kw=") -> #VALUE! | BZ7: =AND(Clasificación!B11,"AAAAAF7+/k0=") -> #VALUE! | CA7: =AND(Clasificación!C11,"AAAAAF7+/k4=") -> #VALUE! | CB7: =AND(Clasificación!D11,"AAAAAF7+/k8=") -> #VALUE! | CC7: =AND(Clasificación!E11,"AAAAAF7+/lA=") -> #VALUE! | CD7: =AND(Clasificación!F11,"AAAAAF7+/lE=") -> #VALUE! | CE7: =AND(Clasificación!G11,"AAAAAF7+/lI=") -> #VALUE! | CF7: =AND(Clasificación!H11,"AAAAAF7+/lM=") -> #VALUE! | CG7: =AND(Clasificación!I11,"AAAAAF7+/lQ=") -> #VALUE! | CH7: =IF(Clasificación!12:12,"AAAAAF7+/lU=",0) -> 0 | CI7: =AND(Clasificación!A12,"AAAAAF7+/lY=") -> #VALUE! | CJ7: =AND(Clasificación!B12,"AAAAAF7+/lc=") -> #VALUE! | CK7: =AND(Clasificación!C12,"AAAAAF7+/lg=") -> #VALUE! | CL7: =AND(Clasificación!D12,"AAAAAF7+/lk=") -> #VALUE! | CM7: =AND(Clasificación!E12,"AAAAAF7+/lo=") -> #VALUE! | CN7: =AND(Clasificación!F12,"AAAAAF7+/ls=") -> #VALUE! | CO7: =AND(Clasificación!G12,"AAAAAF7+/lw=") -> #VALUE! | CP7: =AND(Clasificación!H12,"AAAAAF7+/l0=") -> #VALUE! | CQ7: =AND(Clasificación!I12,"AAAAAF7+/l4=") -> #VALUE! | CR7: =IF(Clasificación!13:13,"AAAAAF7+/l8=",0) -> 0 | CS7: =AND(Clasificación!A13,"AAAAAF7+/mA=") -> #VALUE! | CT7: =AND(Clasificación!B13,"AAAAAF7+/mE=") -> #VALUE! | CU7: =AND(Clasificación!C13,"AAAAAF7+/mI=") -> #VALUE! | CV7: =AND(Clasificación!D13,"AAAAAF7+/mM=") -> #VALUE! | CW7: =AND(Clasificación!E13,"AAAAAF7+/mQ=") -> #VALUE! | CX7: =AND(Clasificación!F13,"AAAAAF7+/mU=") -> #VALUE! | CY7: =AND(Clasificación!G13,"AAAAAF7+/mY=") -> #VALUE! | CZ7: =AND(Clasificación!H13,"AAAAAF7+/mc=") -> #VALUE! | DA7: =AND(Clasificación!I13,"AAAAAF7+/mg=") -> #VALUE! | DB7: =IF(Clasificación!14:14,"AAAAAF7+/mk=",0) -> 0 | DC7: =AND(Clasificación!A14,"AAAAAF7+/mo=") -> #VALUE! | DD7: =AND(Clasificación!B14,"AAAAAF7+/ms=") -> #VALUE! | DE7: =AND(Clasificación!C14,"AAAAAF7+/mw=") -> #VALUE! | DF7: =AND(Clasificación!D14,"AAAAAF7+/m0=") -> #VALUE! | DG7: =AND(Clasificación!E14,"AAAAAF7+/m4=") -> #VALUE! | DH7: =AND(Clasificación!F14,"AAAAAF7+/m8=") -> #VALUE! | DI7: =AND(Clasificación!G14,"AAAAAF7+/nA=") -> #VALUE! | DJ7: =AND(Clasificación!H14,"AAAAAF7+/nE=") -> #VALUE! | DK7: =AND(Clasificación!I14,"AAAAAF7+/nI=") -> #VALUE! | DL7: =IF(Clasificación!15:15,"AAAAAF7+/nM=",0) -> 0 | DM7: =AND(Clasificación!A15,"AAAAAF7+/nQ=") -> #VALUE! | DN7: =AND(Clasificación!B15,"AAAAAF7+/nU=") -> #VALUE! | DO7: =AND(Clasificación!C15,"AAAAAF7+/nY=") -> #VALUE! | DP7: =AND(Clasificación!D15,"AAAAAF7+/nc=") -> #VALUE! | DQ7: =AND(Clasificación!E15,"AAAAAF7+/ng=") -> #VALUE! | DR7: =AND(Clasificación!F15,"AAAAAF7+/nk=") -> #VALUE! | DS7: =AND(Clasificación!G15,"AAAAAF7+/no=") -> #VALUE! | DT7: =AND(Clasificación!H15,"AAAAAF7+/ns=") -> #VALUE! | DU7: =AND(Clasificación!I15,"AAAAAF7+/nw=") -> #VALUE! | DV7: =IF(Clasificación!A:A,"AAAAAF7+/n0=",0) -> #VALUE! | DW7: =IF(Clasificación!B:B,"AAAAAF7+/n4=",0) -> 0 | DX7: =IF(Clasificación!C:C,"AAAAAF7+/n8=",0) -> 0 | DY7: =IF(Clasificación!D:D,"AAAAAF7+/oA=",0) -> 0 | DZ7: =IF(Clasificación!E:E,"AAAAAF7+/oE=",0) -> 0 | EA7: =IF(Clasificación!F:F,"AAAAAF7+/oI=",0) -> 0 | EB7: =IF(Clasificación!G:G,"AAAAAF7+/oM=",0) -> 0 | EC7: =IF(Clasificación!H:H,"AAAAAF7+/oQ=",0) -> 0 | ED7: =IF(Clasificación!I:I,"AAAAAF7+/oU=",0) -> 0 | EE7: =IF(Versiones!1:1,"AAAAAF7+/oY=",0) -> 0 | EF7: =AND(Versiones!A1,"AAAAAF7+/oc=") -> #VALUE! | EG7: =AND(Versiones!B1,"AAAAAF7+/og=") -> #VALUE! | EH7: =AND(Versiones!C1,"AAAAAF7+/ok=") -> #VALUE! | EI7: =AND(Versiones!D1,"AAAAAF7+/oo=") -> #VALUE! | EJ7: =AND(Versiones!E1,"AAAAAF7+/os=") -> #VALUE! | EK7: =AND(Versiones!F1,"AAAAAF7+/ow=") -> #VALUE! | EL7: =AND(Versiones!#REF!,"AAAAAF7+/o0=") -> #REF! | EM7: =AND(Versiones!G1,"AAAAAF7+/o4=") -> #VALUE! | EN7: =AND(Versiones!H1,"AAAAAF7+/o8=") -> #VALUE! | EO7: =AND(Versiones!I1,"AAAAAF7+/pA=") -> #VALUE! | EP7: =AND(Versiones!J1,"AAAAAF7+/pE=") -> #VALUE! | EQ7: =AND(Versiones!K1,"AAAAAF7+/pI=") -> #VALUE! | ER7: =AND(Versiones!L1,"AAAAAF7+/pM=") -> #VALUE! | ES7: =AND(Versiones!M1,"AAAAAF7+/pQ=") -> #VALUE! | ET7: =AND(Versiones!N1,"AAAAAF7+/pU=") -> #VALUE! | EU7: =AND(Versiones!O1,"AAAAAF7+/pY=") -> #VALUE! | EV7: =AND(Versiones!P1,"AAAAAF7+/pc=") -> #VALUE! | EW7: =AND(Versiones!Q1,"AAAAAF7+/pg=") -> #VALUE! | EX7: =AND(Versiones!R1,"AAAAAF7+/pk=") -> #VALUE! | EY7: =AND(Versiones!S1,"AAAAAF7+/po=") -> #VALUE! | EZ7: =AND(Versiones!T1,"AAAAAF7+/ps=") -> #VALUE! | FA7: =AND(Versiones!U1,"AAAAAF7+/pw=") -> #VALUE! | FB7: =AND(Versiones!V1,"AAAAAF7+/p0=") -> #VALUE! | FC7: =AND(Versiones!W1,"AAAAAF7+/p4=") -> #VALUE! | FD7: =AND(Versiones!X1,"AAAAAF7+/p8=") -> #VALUE! | FE7: =AND(Versiones!Y1,"AAAAAF7+/qA=") -> #VALUE! | FF7: =AND(Versiones!Z1,"AAAAAF7+/qE=") -> #VALUE! | FG7: =AND(Versiones!AA1,"AAAAAF7+/qI=") -> #VALUE! | FH7: =AND(Versiones!AB1,"AAAAAF7+/qM=") -> #VALUE! | FI7: =AND(Versiones!AC1,"AAAAAF7+/qQ=") -> #VALUE! | FJ7: =AND(Versiones!AD1,"AAAAAF7+/qU=") -> #VALUE! | FK7: =AND(Versiones!AE1,"AAAAAF7+/qY=") -> #VALUE! | FL7: =AND(Versiones!AF1,"AAAAAF7+/qc=") -> #VALUE! | FM7: =AND(Versiones!AG1,"AAAAAF7+/qg=") -> #VALUE! | FN7: =AND(Versiones!AH1,"AAAAAF7+/qk=") -> #VALUE! | FO7: =AND(Versiones!AI1,"AAAAAF7+/qo=") -> #VALUE! | FP7: =AND(Versiones!AJ1,"AAAAAF7+/qs=") -> #VALUE! | FQ7: =AND(Versiones!AK1,"AAAAAF7+/qw=") -> #VALUE! | FR7: =AND(Versiones!AL1,"AAAAAF7+/q0=") -> #VALUE! | FS7: =AND(Versiones!AM1,"AAAAAF7+/q4=") -> #VALUE! | FT7: =AND(Versiones!AN1,"AAAAAF7+/q8=") -> #VALUE! | FU7: =AND(Versiones!AO1,"AAAAAF7+/rA=") -> #VALUE! | FV7: =AND(Versiones!AP1,"AAAAAF7+/rE=") -> #VALUE! | FW7: =AND(Versiones!AQ1,"AAAAAF7+/rI=") -> #VALUE! | FX7: =AND(Versiones!AR1,"AAAAAF7+/rM=") -> #VALUE! | FY7: =AND(Versiones!AS1,"AAAAAF7+/rQ=") -> #VALUE! | FZ7: =AND(Versiones!AT1,"AAAAAF7+/rU=") -> #VALUE! | GA7: =AND(Versiones!AU1,"AAAAAF7+/rY=") -> #VALUE! | GB7: =AND(Versiones!AV1,"AAAAAF7+/rc=") -> #VALUE! | GC7: =AND(Versiones!AW1,"AAAAAF7+/rg=") -> #VALUE! | GD7: =AND(Versiones!AX1,"AAAAAF7+/rk=") -> #VALUE! | GE7: =AND(Versiones!AY1,"AAAAAF7+/ro=") -> #VALUE! | GF7: =AND(Versiones!AZ1,"AAAAAF7+/rs=") -> #VALUE! | GG7: =AND(Versiones!BA1,"AAAAAF7+/rw=") -> #VALUE! | GH7: =AND(Versiones!BB1,"AAAAAF7+/r0=") -> #VALUE! | GI7: =AND(Versiones!BC1,"AAAAAF7+/r4=") -> #VALUE! | GJ7: =AND(Versiones!BD1,"AAAAAF7+/r8=") -> #VALUE! | GK7: =AND(Versiones!BE1,"AAAAAF7+/sA=") -> #VALUE! | GL7: =AND(Versiones!BF1,"AAAAAF7+/sE=") -> #VALUE! | GM7: =AND(Versiones!BG1,"AAAAAF7+/sI=") -> #VALUE! | GN7: =AND(Versiones!BH1,"AAAAAF7+/sM=") -> #VALUE! | GO7: =AND(Versiones!BI1,"AAAAAF7+/sQ=") -> #VALUE! | GP7: =AND(Versiones!BJ1,"AAAAAF7+/sU=") -> #VALUE! | GQ7: =AND(Versiones!BK1,"AAAAAF7+/sY=") -> #VALUE! | GR7: =AND(Versiones!BL1,"AAAAAF7+/sc=") -> #VALUE! | GS7: =AND(Versiones!BM1,"AAAAAF7+/sg=") -> #VALUE! | GT7: =AND(Versiones!BN1,"AAAAAF7+/sk=") -> #VALUE! | GU7: =AND(Versiones!BO1,"AAAAAF7+/so=") -> #VALUE! | GV7: =AND(Versiones!BP1,"AAAAAF7+/ss=") -> #VALUE! | GW7: =AND(Versiones!BQ1,"AAAAAF7+/sw=") -> #VALUE! | GX7: =AND(Versiones!BR1,"AAAAAF7+/s0=") -> #VALUE! | GY7: =AND(Versiones!BS1,"AAAAAF7+/s4=") -> #VALUE! | GZ7: =AND(Versiones!BT1,"AAAAAF7+/s8=") -> #VALUE! | HA7: =AND(Versiones!BU1,"AAAAAF7+/tA=") -> #VALUE! | HB7: =AND(Versiones!BV1,"AAAAAF7+/tE=") -> #VALUE! | HC7: =AND(Versiones!BW1,"AAAAAF7+/tI=") -> #VALUE! | HD7: =AND(Versiones!BX1,"AAAAAF7+/tM=") -> #VALUE! | HE7: =AND(Versiones!BY1,"AAAAAF7+/tQ=") -> #VALUE! | HF7: =AND(Versiones!BZ1,"AAAAAF7+/tU=") -> #VALUE! | HG7: =AND(Versiones!CA1,"AAAAAF7+/tY=") -> #VALUE! | HH7: =AND(Versiones!CB1,"AAAAAF7+/tc=") -> #VALUE! | HI7: =AND(Versiones!CC1,"AAAAAF7+/tg=") -> #VALUE! | HJ7: =AND(Versiones!CD1,"AAAAAF7+/tk=") -> #VALUE! | HK7: =AND(Versiones!CE1,"AAAAAF7+/to=") -> #VALUE! | HL7: =AND(Versiones!CF1,"AAAAAF7+/ts=") -> #VALUE! | HM7: =AND(Versiones!CG1,"AAAAAF7+/tw=") -> #VALUE! | HN7: =AND(Versiones!CH1,"AAAAAF7+/t0=") -> #VALUE! | HO7: =AND(Versiones!CI1,"AAAAAF7+/t4=") -> #VALUE! | HP7: =AND(Versiones!CJ1,"AAAAAF7+/t8=") -> #VALUE! | HQ7: =AND(Versiones!CK1,"AAAAAF7+/uA=") -> #VALUE! | HR7: =AND(Versiones!CL1,"AAAAAF7+/uE=") -> #VALUE! | HS7: =AND(Versiones!CM1,"AAAAAF7+/uI=") -> #VALUE! | HT7: =AND(Versiones!CN1,"AAAAAF7+/uM=") -> #VALUE! | HU7: =AND(Versiones!CO1,"AAAAAF7+/uQ=") -> #VALUE! | HV7: =AND(Versiones!CP1,"AAAAAF7+/uU=") -> #VALUE! | HW7: =AND(Versiones!CQ1,"AAAAAF7+/uY=") -> #VALUE! | HX7: =AND(Versiones!CR1,"AAAAAF7+/uc=") -> #VALUE! | HY7: =AND(Versiones!CS1,"AAAAAF7+/ug=") -> #VALUE! | HZ7: =AND(Versiones!CT1,"AAAAAF7+/uk=") -> #VALUE! | IA7: =AND(Versiones!CU1,"AAAAAF7+/uo=") -> #VALUE! | IB7: =AND(Versiones!CV1,"AAAAAF7+/us=") -> #VALUE! | IC7: =AND(Versiones!CW1,"AAAAAF7+/uw=") -> #VALUE! | ID7: =AND(Versiones!CX1,"AAAAAF7+/u0=") -> #VALUE! | IE7: =AND(Versiones!CY1,"AAAAAF7+/u4=") -> #VALUE! | IF7: =AND(Versiones!CZ1,"AAAAAF7+/u8=") -> #VALUE! | IG7: =AND(Versiones!DA1,"AAAAAF7+/vA=") -> #VALUE! | IH7: =AND(Versiones!DB1,"AAAAAF7+/vE=") -> #VALUE! | II7: =AND(Versiones!DC1,"AAAAAF7+/vI=") -> #VALUE! | IJ7: =AND(Versiones!DD1,"AAAAAF7+/vM=") -> #VALUE! | IK7: =AND(Versiones!DE1,"AAAAAF7+/vQ=") -> #VALUE! | IL7: =AND(Versiones!DF1,"AAAAAF7+/vU=") -> #VALUE! | IM7: =AND(Versiones!DG1,"AAAAAF7+/vY=") -> #VALUE! | IN7: =AND(Versiones!DH1,"AAAAAF7+/vc=") -> #VALUE! | IO7: =AND(Versiones!DI1,"AAAAAF7+/vg=") -> #VALUE! | IP7: =AND(Versiones!DJ1,"AAAAAF7+/vk=") -> #VALUE! | IQ7: =AND(Versiones!DK1,"AAAAAF7+/vo=") -> #VALUE! | IR7: =AND(Versiones!DL1,"AAAAAF7+/vs=") -> #VALUE! | IS7: =AND(Versiones!DM1,"AAAAAF7+/vw=") -> #VALUE! | IT7: =AND(Versiones!DN1,"AAAAAF7+/v0=") -> #VALUE! | IU7: =AND(Versiones!DO1,"AAAAAF7+/v4=") -> #VALUE! | IV7: =AND(Versiones!DP1,"AAAAAF7+/v8=") -> #VALUE!
A8: =AND(Versiones!DQ1,"AAAAAH33/wA=") -> #VALUE! | B8: =AND(Versiones!DR1,"AAAAAH33/wE=") -> #VALUE! | C8: =AND(Versiones!DS1,"AAAAAH33/wI=") -> #VALUE! | D8: =AND(Versiones!DT1,"AAAAAH33/wM=") -> #VALUE! | E8: =AND(Versiones!DU1,"AAAAAH33/wQ=") -> #VALUE! | F8: =AND(Versiones!DV1,"AAAAAH33/wU=") -> #VALUE! | G8: =AND(Versiones!DW1,"AAAAAH33/wY=") -> #VALUE! | H8: =AND(Versiones!DX1,"AAAAAH33/wc=") -> #VALUE! | I8: =AND(Versiones!DY1,"AAAAAH33/wg=") -> #VALUE! | J8: =AND(Versiones!DZ1,"AAAAAH33/wk=") -> #VALUE! | K8: =AND(Versiones!EA1,"AAAAAH33/wo=") -> #VALUE! | L8: =AND(Versiones!EB1,"AAAAAH33/ws=") -> #VALUE! | M8: =AND(Versiones!EC1,"AAAAAH33/ww=") -> #VALUE! | N8: =AND(Versiones!ED1,"AAAAAH33/w0=") -> #VALUE! | O8: =AND(Versiones!EE1,"AAAAAH33/w4=") -> #VALUE! | P8: =AND(Versiones!EF1,"AAAAAH33/w8=") -> #VALUE! | Q8: =AND(Versiones!EG1,"AAAAAH33/xA=") -> #VALUE! | R8: =AND(Versiones!EH1,"AAAAAH33/xE=") -> #VALUE! | S8: =AND(Versiones!EI1,"AAAAAH33/xI=") -> #VALUE! | T8: =AND(Versiones!EJ1,"AAAAAH33/xM=") -> #VALUE! | U8: =AND(Versiones!EK1,"AAAAAH33/xQ=") -> #VALUE! | V8: =AND(Versiones!EL1,"AAAAAH33/xU=") -> #VALUE! | W8: =AND(Versiones!EM1,"AAAAAH33/xY=") -> #VALUE! | X8: =AND(Versiones!EN1,"AAAAAH33/xc=") -> #VALUE! | Y8: =AND(Versiones!EO1,"AAAAAH33/xg=") -> #VALUE! | Z8: =AND(Versiones!EP1,"AAAAAH33/xk=") -> #VALUE! | AA8: =AND(Versiones!EQ1,"AAAAAH33/xo=") -> #VALUE! | AB8: =AND(Versiones!ER1,"AAAAAH33/xs=") -> #VALUE! | AC8: =AND(Versiones!ES1,"AAAAAH33/xw=") -> #VALUE! | AD8: =AND(Versiones!ET1,"AAAAAH33/x0=") -> #VALUE! | AE8: =AND(Versiones!EU1,"AAAAAH33/x4=") -> #VALUE! | AF8: =AND(Versiones!EV1,"AAAAAH33/x8=") -> #VALUE! | AG8: =AND(Versiones!EW1,"AAAAAH33/yA=") -> #VALUE! | AH8: =AND(Versiones!EX1,"AAAAAH33/yE=") -> #VALUE! | AI8: =AND(Versiones!EY1,"AAAAAH33/yI=") -> #VALUE! | AJ8: =AND(Versiones!EZ1,"AAAAAH33/yM=") -> #VALUE! | AK8: =AND(Versiones!FA1,"AAAAAH33/yQ=") -> #VALUE! | AL8: =AND(Versiones!FB1,"AAAAAH33/yU=") -> #VALUE! | AM8: =AND(Versiones!FC1,"AAAAAH33/yY=") -> #VALUE! | AN8: =AND(Versiones!FD1,"AAAAAH33/yc=") -> #VALUE! | AO8: =AND(Versiones!FE1,"AAAAAH33/yg=") -> #VALUE! | AP8: =AND(Versiones!FF1,"AAAAAH33/yk=") -> #VALUE! | AQ8: =AND(Versiones!FG1,"AAAAAH33/yo=") -> #VALUE! | AR8: =AND(Versiones!FH1,"AAAAAH33/ys=") -> #VALUE! | AS8: =AND(Versiones!FI1,"AAAAAH33/yw=") -> #VALUE! | AT8: =AND(Versiones!FJ1,"AAAAAH33/y0=") -> #VALUE! | AU8: =AND(Versiones!FK1,"AAAAAH33/y4=") -> #VALUE! | AV8: =AND(Versiones!FL1,"AAAAAH33/y8=") -> #VALUE! | AW8: =AND(Versiones!FM1,"AAAAAH33/zA=") -> #VALUE! | AX8: =AND(Versiones!FN1,"AAAAAH33/zE=") -> #VALUE! | AY8: =AND(Versiones!FO1,"AAAAAH33/zI=") -> #VALUE! | AZ8: =AND(Versiones!FP1,"AAAAAH33/zM=") -> #VALUE! | BA8: =AND(Versiones!FQ1,"AAAAAH33/zQ=") -> #VALUE! | BB8: =AND(Versiones!FR1,"AAAAAH33/zU=") -> #VALUE! | BC8: =AND(Versiones!FS1,"AAAAAH33/zY=") -> #VALUE! | BD8: =AND(Versiones!FT1,"AAAAAH33/zc=") -> #VALUE! | BE8: =AND(Versiones!FU1,"AAAAAH33/zg=") -> #VALUE! | BF8: =AND(Versiones!FV1,"AAAAAH33/zk=") -> #VALUE! | BG8: =AND(Versiones!FW1,"AAAAAH33/zo=") -> #VALUE! | BH8: =AND(Versiones!FX1,"AAAAAH33/zs=") -> #VALUE! | BI8: =AND(Versiones!FY1,"AAAAAH33/zw=") -> #VALUE! | BJ8: =AND(Versiones!FZ1,"AAAAAH33/z0=") -> #VALUE! | BK8: =AND(Versiones!GA1,"AAAAAH33/z4=") -> #VALUE! | BL8: =AND(Versiones!GB1,"AAAAAH33/z8=") -> #VALUE! | BM8: =AND(Versiones!GC1,"AAAAAH33/0A=") -> #VALUE! | BN8: =AND(Versiones!GD1,"AAAAAH33/0E=") -> #VALUE! | BO8: =AND(Versiones!GE1,"AAAAAH33/0I=") -> #VALUE! | BP8: =AND(Versiones!GF1,"AAAAAH33/0M=") -> #VALUE! | BQ8: =AND(Versiones!GG1,"AAAAAH33/0Q=") -> #VALUE! | BR8: =AND(Versiones!GH1,"AAAAAH33/0U=") -> #VALUE! | BS8: =AND(Versiones!GI1,"AAAAAH33/0Y=") -> #VALUE! | BT8: =AND(Versiones!GJ1,"AAAAAH33/0c=") -> #VALUE! | BU8: =AND(Versiones!GK1,"AAAAAH33/0g=") -> #VALUE! | BV8: =AND(Versiones!GL1,"AAAAAH33/0k=") -> #VALUE! | BW8: =AND(Versiones!GM1,"AAAAAH33/0o=") -> #VALUE! | BX8: =AND(Versiones!GN1,"AAAAAH33/0s=") -> #VALUE! | BY8: =AND(Versiones!GO1,"AAAAAH33/0w=") -> #VALUE! | BZ8: =AND(Versiones!GP1,"AAAAAH33/00=") -> #VALUE! | CA8: =AND(Versiones!GQ1,"AAAAAH33/04=") -> #VALUE! | CB8: =AND(Versiones!GR1,"AAAAAH33/08=") -> #VALUE! | CC8: =AND(Versiones!GS1,"AAAAAH33/1A=") -> #VALUE! | CD8: =AND(Versiones!GT1,"AAAAAH33/1E=") -> #VALUE! | CE8: =AND(Versiones!GU1,"AAAAAH33/1I=") -> #VALUE! | CF8: =AND(Versiones!GV1,"AAAAAH33/1M=") -> #VALUE! | CG8: =AND(Versiones!GW1,"AAAAAH33/1Q=") -> #VALUE! | CH8: =AND(Versiones!GX1,"AAAAAH33/1U=") -> #VALUE! | CI8: =AND(Versiones!GY1,"AAAAAH33/1Y=") -> #VALUE! | CJ8: =AND(Versiones!GZ1,"AAAAAH33/1c=") -> #VALUE! | CK8: =AND(Versiones!HA1,"AAAAAH33/1g=") -> #VALUE! | CL8: =AND(Versiones!HB1,"AAAAAH33/1k=") -> #VALUE! | CM8: =AND(Versiones!HC1,"AAAAAH33/1o=") -> #VALUE! | CN8: =AND(Versiones!HD1,"AAAAAH33/1s=") -> #VALUE! | CO8: =AND(Versiones!HE1,"AAAAAH33/1w=") -> #VALUE! | CP8: =AND(Versiones!HF1,"AAAAAH33/10=") -> #VALUE! | CQ8: =AND(Versiones!HG1,"AAAAAH33/14=") -> #VALUE! | CR8: =AND(Versiones!HH1,"AAAAAH33/18=") -> #VALUE! | CS8: =AND(Versiones!HI1,"AAAAAH33/2A=") -> #VALUE! | CT8: =IF(Versiones!2:2,"AAAAAH33/2E=",0) -> 0 | CU8: =AND(Versiones!A2,"AAAAAH33/2I=") -> #VALUE! | CV8: =AND(Versiones!B2,"AAAAAH33/2M=") -> #VALUE! | CW8: =AND(Versiones!C2,"AAAAAH33/2Q=") -> #VALUE! | CX8: =AND(Versiones!D2,"AAAAAH33/2U=") -> #VALUE! | CY8: =AND(Versiones!E2,"AAAAAH33/2Y=") -> #VALUE! | CZ8: =AND(Versiones!F2,"AAAAAH33/2c=") -> #VALUE! | DA8: =AND(Versiones!#REF!,"AAAAAH33/2g=") -> #REF! | DB8: =AND(Versiones!G2,"AAAAAH33/2k=") -> #VALUE! | DC8: =AND(Versiones!H2,"AAAAAH33/2o=") -> #VALUE! | DD8: =AND(Versiones!I2,"AAAAAH33/2s=") -> #VALUE! | DE8: =AND(Versiones!J2,"AAAAAH33/2w=") -> #VALUE! | DF8: =AND(Versiones!K2,"AAAAAH33/20=") -> #VALUE! | DG8: =AND(Versiones!L2,"AAAAAH33/24=") -> #VALUE! | DH8: =AND(Versiones!M2,"AAAAAH33/28=") -> #VALUE! | DI8: =AND(Versiones!N2,"AAAAAH33/3A=") -> #VALUE! | DJ8: =AND(Versiones!O2,"AAAAAH33/3E=") -> #VALUE! | DK8: =AND(Versiones!P2,"AAAAAH33/3I=") -> #VALUE! | DL8: =AND(Versiones!Q2,"AAAAAH33/3M=") -> #VALUE! | DM8: =AND(Versiones!R2,"AAAAAH33/3Q=") -> #VALUE! | DN8: =AND(Versiones!S2,"AAAAAH33/3U=") -> #VALUE! | DO8: =AND(Versiones!T2,"AAAAAH33/3Y=") -> #VALUE! | DP8: =AND(Versiones!U2,"AAAAAH33/3c=") -> #VALUE! | DQ8: =AND(Versiones!V2,"AAAAAH33/3g=") -> #VALUE! | DR8: =AND(Versiones!W2,"AAAAAH33/3k=") -> #VALUE! | DS8: =AND(Versiones!X2,"AAAAAH33/3o=") -> #VALUE! | DT8: =AND(Versiones!Y2,"AAAAAH33/3s=") -> #VALUE! | DU8: =AND(Versiones!Z2,"AAAAAH33/3w=") -> #VALUE! | DV8: =AND(Versiones!AA2,"AAAAAH33/30=") -> #VALUE! | DW8: =AND(Versiones!AB2,"AAAAAH33/34=") -> #VALUE! | DX8: =AND(Versiones!AC2,"AAAAAH33/38=") -> #VALUE! | DY8: =AND(Versiones!AD2,"AAAAAH33/4A=") -> #VALUE! | DZ8: =AND(Versiones!AE2,"AAAAAH33/4E=") -> #VALUE! | EA8: =AND(Versiones!AF2,"AAAAAH33/4I=") -> #VALUE! | EB8: =AND(Versiones!AG2,"AAAAAH33/4M=") -> #VALUE! | EC8: =AND(Versiones!AH2,"AAAAAH33/4Q=") -> #VALUE! | ED8: =AND(Versiones!AI2,"AAAAAH33/4U=") -> #VALUE! | EE8: =AND(Versiones!AJ2,"AAAAAH33/4Y=") -> #VALUE! | EF8: =AND(Versiones!AK2,"AAAAAH33/4c=") -> #VALUE! | EG8: =AND(Versiones!AL2,"AAAAAH33/4g=") -> #VALUE! | EH8: =AND(Versiones!AM2,"AAAAAH33/4k=") -> #VALUE! | EI8: =AND(Versiones!AN2,"AAAAAH33/4o=") -> #VALUE! | EJ8: =AND(Versiones!AO2,"AAAAAH33/4s=") -> #VALUE! | EK8: =AND(Versiones!AP2,"AAAAAH33/4w=") -> #VALUE! | EL8: =AND(Versiones!AQ2,"AAAAAH33/40=") -> #VALUE! | EM8: =AND(Versiones!AR2,"AAAAAH33/44=") -> #VALUE! | EN8: =AND(Versiones!AS2,"AAAAAH33/48=") -> #VALUE! | EO8: =AND(Versiones!AT2,"AAAAAH33/5A=") -> #VALUE! | EP8: =AND(Versiones!AU2,"AAAAAH33/5E=") -> #VALUE! | EQ8: =AND(Versiones!AV2,"AAAAAH33/5I=") -> #VALUE! | ER8: =AND(Versiones!AW2,"AAAAAH33/5M=") -> #VALUE! | ES8: =AND(Versiones!AX2,"AAAAAH33/5Q=") -> #VALUE! | ET8: =AND(Versiones!AY2,"AAAAAH33/5U=") -> #VALUE! | EU8: =AND(Versiones!AZ2,"AAAAAH33/5Y=") -> #VALUE! | EV8: =AND(Versiones!BA2,"AAAAAH33/5c=") -> #VALUE! | EW8: =AND(Versiones!BB2,"AAAAAH33/5g=") -> #VALUE! | EX8: =AND(Versiones!BC2,"AAAAAH33/5k=") -> #VALUE! | EY8: =AND(Versiones!BD2,"AAAAAH33/5o=") -> #VALUE! | EZ8: =AND(Versiones!BE2,"AAAAAH33/5s=") -> #VALUE! | FA8: =AND(Versiones!BF2,"AAAAAH33/5w=") -> #VALUE! | FB8: =AND(Versiones!BG2,"AAAAAH33/50=") -> #VALUE! | FC8: =AND(Versiones!BH2,"AAAAAH33/54=") -> #VALUE! | FD8: =AND(Versiones!BI2,"AAAAAH33/58=") -> #VALUE! | FE8: =AND(Versiones!BJ2,"AAAAAH33/6A=") -> #VALUE! | FF8: =AND(Versiones!BK2,"AAAAAH33/6E=") -> #VALUE! | FG8: =AND(Versiones!BL2,"AAAAAH33/6I=") -> #VALUE! | FH8: =AND(Versiones!BM2,"AAAAAH33/6M=") -> #VALUE! | FI8: =AND(Versiones!BN2,"AAAAAH33/6Q=") -> #VALUE! | FJ8: =AND(Versiones!BO2,"AAAAAH33/6U=") -> #VALUE! | FK8: =AND(Versiones!BP2,"AAAAAH33/6Y=") -> #VALUE! | FL8: =AND(Versiones!BQ2,"AAAAAH33/6c=") -> #VALUE! | FM8: =AND(Versiones!BR2,"AAAAAH33/6g=") -> #VALUE! | FN8: =AND(Versiones!BS2,"AAAAAH33/6k=") -> #VALUE! | FO8: =AND(Versiones!BT2,"AAAAAH33/6o=") -> #VALUE! | FP8: =AND(Versiones!BU2,"AAAAAH33/6s=") -> #VALUE! | FQ8: =AND(Versiones!BV2,"AAAAAH33/6w=") -> #VALUE! | FR8: =AND(Versiones!BW2,"AAAAAH33/60=") -> #VALUE! | FS8: =AND(Versiones!BX2,"AAAAAH33/64=") -> #VALUE! | FT8: =AND(Versiones!BY2,"AAAAAH33/68=") -> #VALUE! | FU8: =AND(Versiones!BZ2,"AAAAAH33/7A=") -> #VALUE! | FV8: =AND(Versiones!CA2,"AAAAAH33/7E=") -> #VALUE! | FW8: =AND(Versiones!CB2,"AAAAAH33/7I=") -> #VALUE! | FX8: =AND(Versiones!CC2,"AAAAAH33/7M=") -> #VALUE! | FY8: =AND(Versiones!CD2,"AAAAAH33/7Q=") -> #VALUE! | FZ8: =AND(Versiones!CE2,"AAAAAH33/7U=") -> #VALUE! | GA8: =AND(Versiones!CF2,"AAAAAH33/7Y=") -> #VALUE! | GB8: =AND(Versiones!CG2,"AAAAAH33/7c=") -> #VALUE! | GC8: =AND(Versiones!CH2,"AAAAAH33/7g=") -> #VALUE! | GD8: =AND(Versiones!CI2,"AAAAAH33/7k=") -> #VALUE! | GE8: =AND(Versiones!CJ2,"AAAAAH33/7o=") -> #VALUE! | GF8: =AND(Versiones!CK2,"AAAAAH33/7s=") -> #VALUE! | GG8: =AND(Versiones!CL2,"AAAAAH33/7w=") -> #VALUE! | GH8: =AND(Versiones!CM2,"AAAAAH33/70=") -> #VALUE! | GI8: =AND(Versiones!CN2,"AAAAAH33/74=") -> #VALUE! | GJ8: =AND(Versiones!CO2,"AAAAAH33/78=") -> #VALUE! | GK8: =AND(Versiones!CP2,"AAAAAH33/8A=") -> #VALUE! | GL8: =AND(Versiones!CQ2,"AAAAAH33/8E=") -> #VALUE! | GM8: =AND(Versiones!CR2,"AAAAAH33/8I=") -> #VALUE! | GN8: =AND(Versiones!CS2,"AAAAAH33/8M=") -> #VALUE! | GO8: =AND(Versiones!CT2,"AAAAAH33/8Q=") -> #VALUE! | GP8: =AND(Versiones!CU2,"AAAAAH33/8U=") -> #VALUE! | GQ8: =AND(Versiones!CV2,"AAAAAH33/8Y=") -> #VALUE! | GR8: =AND(Versiones!CW2,"AAAAAH33/8c=") -> #VALUE! | GS8: =AND(Versiones!CX2,"AAAAAH33/8g=") -> #VALUE! | GT8: =AND(Versiones!CY2,"AAAAAH33/8k=") -> #VALUE! | GU8: =AND(Versiones!CZ2,"AAAAAH33/8o=") -> #VALUE! | GV8: =AND(Versiones!DA2,"AAAAAH33/8s=") -> #VALUE! | GW8: =AND(Versiones!DB2,"AAAAAH33/8w=") -> #VALUE! | GX8: =AND(Versiones!DC2,"AAAAAH33/80=") -> #VALUE! | GY8: =AND(Versiones!DD2,"AAAAAH33/84=") -> #VALUE! | GZ8: =AND(Versiones!DE2,"AAAAAH33/88=") -> #VALUE! | HA8: =AND(Versiones!DF2,"AAAAAH33/9A=") -> #VALUE! | HB8: =AND(Versiones!DG2,"AAAAAH33/9E=") -> #VALUE! | HC8: =AND(Versiones!DH2,"AAAAAH33/9I=") -> #VALUE! | HD8: =AND(Versiones!DI2,"AAAAAH33/9M=") -> #VALUE! | HE8: =AND(Versiones!DJ2,"AAAAAH33/9Q=") -> #VALUE! | HF8: =AND(Versiones!DK2,"AAAAAH33/9U=") -> #VALUE! | HG8: =AND(Versiones!DL2,"AAAAAH33/9Y=") -> #VALUE! | HH8: =AND(Versiones!DM2,"AAAAAH33/9c=") -> #VALUE! | HI8: =AND(Versiones!DN2,"AAAAAH33/9g=") -> #VALUE! | HJ8: =AND(Versiones!DO2,"AAAAAH33/9k=") -> #VALUE! | HK8: =AND(Versiones!DP2,"AAAAAH33/9o=") -> #VALUE! | HL8: =AND(Versiones!DQ2,"AAAAAH33/9s=") -> #VALUE! | HM8: =AND(Versiones!DR2,"AAAAAH33/9w=") -> #VALUE! | HN8: =AND(Versiones!DS2,"AAAAAH33/90=") -> #VALUE! | HO8: =AND(Versiones!DT2,"AAAAAH33/94=") -> #VALUE! | HP8: =AND(Versiones!DU2,"AAAAAH33/98=") -> #VALUE! | HQ8: =AND(Versiones!DV2,"AAAAAH33/+A=") -> #VALUE! | HR8: =AND(Versiones!DW2,"AAAAAH33/+E=") -> #VALUE! | HS8: =AND(Versiones!DX2,"AAAAAH33/+I=") -> #VALUE! | HT8: =AND(Versiones!DY2,"AAAAAH33/+M=") -> #VALUE! | HU8: =AND(Versiones!DZ2,"AAAAAH33/+Q=") -> #VALUE! | HV8: =AND(Versiones!EA2,"AAAAAH33/+U=") -> #VALUE! | HW8: =AND(Versiones!EB2,"AAAAAH33/+Y=") -> #VALUE! | HX8: =AND(Versiones!EC2,"AAAAAH33/+c=") -> #VALUE! | HY8: =AND(Versiones!ED2,"AAAAAH33/+g=") -> #VALUE! | HZ8: =AND(Versiones!EE2,"AAAAAH33/+k=") -> #VALUE! | IA8: =AND(Versiones!EF2,"AAAAAH33/+o=") -> #VALUE! | IB8: =AND(Versiones!EG2,"AAAAAH33/+s=") -> #VALUE! | IC8: =AND(Versiones!EH2,"AAAAAH33/+w=") -> #VALUE! | ID8: =AND(Versiones!EI2,"AAAAAH33/+0=") -> #VALUE! | IE8: =AND(Versiones!EJ2,"AAAAAH33/+4=") -> #VALUE! | IF8: =AND(Versiones!EK2,"AAAAAH33/+8=") -> #VALUE! | IG8: =AND(Versiones!EL2,"AAAAAH33//A=") -> #VALUE! | IH8: =AND(Versiones!EM2,"AAAAAH33//E=") -> #VALUE! | II8: =AND(Versiones!EN2,"AAAAAH33//I=") -> #VALUE! | IJ8: =AND(Versiones!EO2,"AAAAAH33//M=") -> #VALUE! | IK8: =AND(Versiones!EP2,"AAAAAH33//Q=") -> #VALUE! | IL8: =AND(Versiones!EQ2,"AAAAAH33//U=") -> #VALUE! | IM8: =AND(Versiones!ER2,"AAAAAH33//Y=") -> #VALUE! | IN8: =AND(Versiones!ES2,"AAAAAH33//c=") -> #VALUE! | IO8: =AND(Versiones!ET2,"AAAAAH33//g=") -> #VALUE! | IP8: =AND(Versiones!EU2,"AAAAAH33//k=") -> #VALUE! | IQ8: =AND(Versiones!EV2,"AAAAAH33//o=") -> #VALUE! | IR8: =AND(Versiones!EW2,"AAAAAH33//s=") -> #VALUE! | IS8: =AND(Versiones!EX2,"AAAAAH33//w=") -> #VALUE! | IT8: =AND(Versiones!EY2,"AAAAAH33//0=") -> #VALUE! | IU8: =AND(Versiones!EZ2,"AAAAAH33//4=") -> #VALUE! | IV8: =AND(Versiones!FA2,"AAAAAH33//8=") -> #VALUE!
A9: =AND(Versiones!FB2,"AAAAAH6PfwA=") -> #VALUE! | B9: =AND(Versiones!FC2,"AAAAAH6PfwE=") -> #VALUE! | C9: =AND(Versiones!FD2,"AAAAAH6PfwI=") -> #VALUE! | D9: =AND(Versiones!FE2,"AAAAAH6PfwM=") -> #VALUE! | E9: =AND(Versiones!FF2,"AAAAAH6PfwQ=") -> #VALUE! | F9: =AND(Versiones!FG2,"AAAAAH6PfwU=") -> #VALUE! | G9: =AND(Versiones!FH2,"AAAAAH6PfwY=") -> #VALUE! | H9: =AND(Versiones!FI2,"AAAAAH6Pfwc=") -> #VALUE! | I9: =AND(Versiones!FJ2,"AAAAAH6Pfwg=") -> #VALUE! | J9: =AND(Versiones!FK2,"AAAAAH6Pfwk=") -> #VALUE! | K9: =AND(Versiones!FL2,"AAAAAH6Pfwo=") -> #VALUE! | L9: =AND(Versiones!FM2,"AAAAAH6Pfws=") -> #VALUE! | M9: =AND(Versiones!FN2,"AAAAAH6Pfww=") -> #VALUE! | N9: =AND(Versiones!FO2,"AAAAAH6Pfw0=") -> #VALUE! | O9: =AND(Versiones!FP2,"AAAAAH6Pfw4=") -> #VALUE! | P9: =AND(Versiones!FQ2,"AAAAAH6Pfw8=") -> #VALUE! | Q9: =AND(Versiones!FR2,"AAAAAH6PfxA=") -> #VALUE! | R9: =AND(Versiones!FS2,"AAAAAH6PfxE=") -> #VALUE! | S9: =AND(Versiones!FT2,"AAAAAH6PfxI=") -> #VALUE! | T9: =AND(Versiones!FU2,"AAAAAH6PfxM=") -> #VALUE! | U9: =AND(Versiones!FV2,"AAAAAH6PfxQ=") -> #VALUE! | V9: =AND(Versiones!FW2,"AAAAAH6PfxU=") -> #VALUE! | W9: =AND(Versiones!FX2,"AAAAAH6PfxY=") -> #VALUE! | X9: =AND(Versiones!FY2,"AAAAAH6Pfxc=") -> #VALUE! | Y9: =AND(Versiones!FZ2,"AAAAAH6Pfxg=") -> #VALUE! | Z9: =AND(Versiones!GA2,"AAAAAH6Pfxk=") -> #VALUE! | AA9: =AND(Versiones!GB2,"AAAAAH6Pfxo=") -> #VALUE! | AB9: =AND(Versiones!GC2,"AAAAAH6Pfxs=") -> #VALUE! | AC9: =AND(Versiones!GD2,"AAAAAH6Pfxw=") -> #VALUE! | AD9: =AND(Versiones!GE2,"AAAAAH6Pfx0=") -> #VALUE! | AE9: =AND(Versiones!GF2,"AAAAAH6Pfx4=") -> #VALUE! | AF9: =AND(Versiones!GG2,"AAAAAH6Pfx8=") -> #VALUE! | AG9: =AND(Versiones!GH2,"AAAAAH6PfyA=") -> #VALUE! | AH9: =AND(Versiones!GI2,"AAAAAH6PfyE=") -> #VALUE! | AI9: =AND(Versiones!GJ2,"AAAAAH6PfyI=") -> #VALUE! | AJ9: =AND(Versiones!GK2,"AAAAAH6PfyM=") -> #VALUE! | AK9: =AND(Versiones!GL2,"AAAAAH6PfyQ=") -> #VALUE! | AL9: =AND(Versiones!GM2,"AAAAAH6PfyU=") -> #VALUE! | AM9: =AND(Versiones!GN2,"AAAAAH6PfyY=") -> #VALUE! | AN9: =AND(Versiones!GO2,"AAAAAH6Pfyc=") -> #VALUE! | AO9: =AND(Versiones!GP2,"AAAAAH6Pfyg=") -> #VALUE! | AP9: =AND(Versiones!GQ2,"AAAAAH6Pfyk=") -> #VALUE! | AQ9: =AND(Versiones!GR2,"AAAAAH6Pfyo=") -> #VALUE! | AR9: =AND(Versiones!GS2,"AAAAAH6Pfys=") -> #VALUE! | AS9: =AND(Versiones!GT2,"AAAAAH6Pfyw=") -> #VALUE! | AT9: =AND(Versiones!GU2,"AAAAAH6Pfy0=") -> #VALUE! | AU9: =AND(Versiones!GV2,"AAAAAH6Pfy4=") -> #VALUE! | AV9: =AND(Versiones!GW2,"AAAAAH6Pfy8=") -> #VALUE! | AW9: =AND(Versiones!GX2,"AAAAAH6PfzA=") -> #VALUE! | AX9: =AND(Versiones!GY2,"AAAAAH6PfzE=") -> #VALUE! | AY9: =AND(Versiones!GZ2,"AAAAAH6PfzI=") -> #VALUE! | AZ9: =AND(Versiones!HA2,"AAAAAH6PfzM=") -> #VALUE! | BA9: =AND(Versiones!HB2,"AAAAAH6PfzQ=") -> #VALUE! | BB9: =AND(Versiones!HC2,"AAAAAH6PfzU=") -> #VALUE! | BC9: =AND(Versiones!HD2,"AAAAAH6PfzY=") -> #VALUE! | BD9: =AND(Versiones!HE2,"AAAAAH6Pfzc=") -> #VALUE! | BE9: =AND(Versiones!HF2,"AAAAAH6Pfzg=") -> #VALUE! | BF9: =AND(Versiones!HG2,"AAAAAH6Pfzk=") -> #VALUE! | BG9: =AND(Versiones!HH2,"AAAAAH6Pfzo=") -> #VALUE! | BH9: =AND(Versiones!HI2,"AAAAAH6Pfzs=") -> #VALUE! | BI9: =IF(Versiones!3:3,"AAAAAH6Pfzw=",0) -> 0 | BJ9: =AND(Versiones!A3,"AAAAAH6Pfz0=") -> #VALUE! | BK9: =AND(Versiones!B3,"AAAAAH6Pfz4=") -> #VALUE! | BL9: =AND(Versiones!C3,"AAAAAH6Pfz8=") -> #VALUE! | BM9: =AND(Versiones!D3,"AAAAAH6Pf0A=") -> #VALUE! | BN9: =AND(Versiones!E3,"AAAAAH6Pf0E=") -> #VALUE! | BO9: =AND(Versiones!F3,"AAAAAH6Pf0I=") -> #VALUE! | BP9: =AND(Versiones!#REF!,"AAAAAH6Pf0M=") -> #REF! | BQ9: =AND(Versiones!G3,"AAAAAH6Pf0Q=") -> #VALUE! | BR9: =AND(Versiones!H3,"AAAAAH6Pf0U=") -> #VALUE! | BS9: =AND(Versiones!I3,"AAAAAH6Pf0Y=") -> #VALUE! | BT9: =AND(Versiones!J3,"AAAAAH6Pf0c=") -> #VALUE! | BU9: =AND(Versiones!K3,"AAAAAH6Pf0g=") -> #VALUE! | BV9: =AND(Versiones!L3,"AAAAAH6Pf0k=") -> #VALUE! | BW9: =AND(Versiones!M3,"AAAAAH6Pf0o=") -> #VALUE! | BX9: =AND(Versiones!N3,"AAAAAH6Pf0s=") -> #VALUE! | BY9: =AND(Versiones!O3,"AAAAAH6Pf0w=") -> #VALUE! | BZ9: =AND(Versiones!P3,"AAAAAH6Pf00=") -> #VALUE! | CA9: =AND(Versiones!Q3,"AAAAAH6Pf04=") -> #VALUE! | CB9: =AND(Versiones!R3,"AAAAAH6Pf08=") -> #VALUE! | CC9: =AND(Versiones!S3,"AAAAAH6Pf1A=") -> #VALUE! | CD9: =AND(Versiones!T3,"AAAAAH6Pf1E=") -> #VALUE! | CE9: =AND(Versiones!U3,"AAAAAH6Pf1I=") -> #VALUE! | CF9: =AND(Versiones!V3,"AAAAAH6Pf1M=") -> #VALUE! | CG9: =AND(Versiones!W3,"AAAAAH6Pf1Q=") -> #VALUE! | CH9: =AND(Versiones!X3,"AAAAAH6Pf1U=") -> #VALUE! | CI9: =AND(Versiones!Y3,"AAAAAH6Pf1Y=") -> #VALUE! | CJ9: =AND(Versiones!Z3,"AAAAAH6Pf1c=") -> #VALUE! | CK9: =AND(Versiones!AA3,"AAAAAH6Pf1g=") -> #VALUE! | CL9: =AND(Versiones!AB3,"AAAAAH6Pf1k=") -> #VALUE! | CM9: =AND(Versiones!AC3,"AAAAAH6Pf1o=") -> #VALUE! | CN9: =AND(Versiones!AD3,"AAAAAH6Pf1s=") -> #VALUE! | CO9: =AND(Versiones!AE3,"AAAAAH6Pf1w=") -> #VALUE! | CP9: =AND(Versiones!AF3,"AAAAAH6Pf10=") -> #VALUE! | CQ9: =AND(Versiones!AG3,"AAAAAH6Pf14=") -> #VALUE! | CR9: =AND(Versiones!AH3,"AAAAAH6Pf18=") -> #VALUE! | CS9: =AND(Versiones!AI3,"AAAAAH6Pf2A=") -> #VALUE! | CT9: =AND(Versiones!AJ3,"AAAAAH6Pf2E=") -> #VALUE! | CU9: =AND(Versiones!AK3,"AAAAAH6Pf2I=") -> #VALUE! | CV9: =AND(Versiones!AL3,"AAAAAH6Pf2M=") -> #VALUE! | CW9: =AND(Versiones!AM3,"AAAAAH6Pf2Q=") -> #VALUE! | CX9: =AND(Versiones!AN3,"AAAAAH6Pf2U=") -> #VALUE! | CY9: =AND(Versiones!AO3,"AAAAAH6Pf2Y=") -> #VALUE! | CZ9: =AND(Versiones!AP3,"AAAAAH6Pf2c=") -> #VALUE! | DA9: =AND(Versiones!AQ3,"AAAAAH6Pf2g=") -> #VALUE! | DB9: =AND(Versiones!AR3,"AAAAAH6Pf2k=") -> #VALUE! | DC9: =AND(Versiones!AS3,"AAAAAH6Pf2o=") -> #VALUE! | DD9: =AND(Versiones!AT3,"AAAAAH6Pf2s=") -> #VALUE! | DE9: =AND(Versiones!AU3,"AAAAAH6Pf2w=") -> #VALUE! | DF9: =AND(Versiones!AV3,"AAAAAH6Pf20=") -> #VALUE! | DG9: =AND(Versiones!AW3,"AAAAAH6Pf24=") -> #VALUE! | DH9: =AND(Versiones!AX3,"AAAAAH6Pf28=") -> #VALUE! | DI9: =AND(Versiones!AY3,"AAAAAH6Pf3A=") -> #VALUE! | DJ9: =AND(Versiones!AZ3,"AAAAAH6Pf3E=") -> #VALUE! | DK9: =AND(Versiones!BA3,"AAAAAH6Pf3I=") -> #VALUE! | DL9: =AND(Versiones!BB3,"AAAAAH6Pf3M=") -> #VALUE! | DM9: =AND(Versiones!BC3,"AAAAAH6Pf3Q=") -> #VALUE! | DN9: =AND(Versiones!BD3,"AAAAAH6Pf3U=") -> #VALUE! | DO9: =AND(Versiones!BE3,"AAAAAH6Pf3Y=") -> #VALUE! | DP9: =AND(Versiones!BF3,"AAAAAH6Pf3c=") -> #VALUE! | DQ9: =AND(Versiones!BG3,"AAAAAH6Pf3g=") -> #VALUE! | DR9: =AND(Versiones!BH3,"AAAAAH6Pf3k=") -> #VALUE! | DS9: =AND(Versiones!BI3,"AAAAAH6Pf3o=") -> #VALUE! | DT9: =AND(Versiones!BJ3,"AAAAAH6Pf3s=") -> #VALUE! | DU9: =AND(Versiones!BK3,"AAAAAH6Pf3w=") -> #VALUE! | DV9: =AND(Versiones!BL3,"AAAAAH6Pf30=") -> #VALUE! | DW9: =AND(Versiones!BM3,"AAAAAH6Pf34=") -> #VALUE! | DX9: =AND(Versiones!BN3,"AAAAAH6Pf38=") -> #VALUE! | DY9: =AND(Versiones!BO3,"AAAAAH6Pf4A=") -> #VALUE! | DZ9: =AND(Versiones!BP3,"AAAAAH6Pf4E=") -> #VALUE! | EA9: =AND(Versiones!BQ3,"AAAAAH6Pf4I=") -> #VALUE! | EB9: =AND(Versiones!BR3,"AAAAAH6Pf4M=") -> #VALUE! | EC9: =AND(Versiones!BS3,"AAAAAH6Pf4Q=") -> #VALUE! | ED9: =AND(Versiones!BT3,"AAAAAH6Pf4U=") -> #VALUE! | EE9: =AND(Versiones!BU3,"AAAAAH6Pf4Y=") -> #VALUE! | EF9: =AND(Versiones!BV3,"AAAAAH6Pf4c=") -> #VALUE! | EG9: =AND(Versiones!BW3,"AAAAAH6Pf4g=") -> #VALUE! | EH9: =AND(Versiones!BX3,"AAAAAH6Pf4k=") -> #VALUE! | EI9: =AND(Versiones!BY3,"AAAAAH6Pf4o=") -> #VALUE! | EJ9: =AND(Versiones!BZ3,"AAAAAH6Pf4s=") -> #VALUE! | EK9: =AND(Versiones!CA3,"AAAAAH6Pf4w=") -> #VALUE! | EL9: =AND(Versiones!CB3,"AAAAAH6Pf40=") -> #VALUE! | EM9: =AND(Versiones!CC3,"AAAAAH6Pf44=") -> #VALUE! | EN9: =AND(Versiones!CD3,"AAAAAH6Pf48=") -> #VALUE! | EO9: =AND(Versiones!CE3,"AAAAAH6Pf5A=") -> #VALUE! | EP9: =AND(Versiones!CF3,"AAAAAH6Pf5E=") -> #VALUE! | EQ9: =AND(Versiones!CG3,"AAAAAH6Pf5I=") -> #VALUE! | ER9: =AND(Versiones!CH3,"AAAAAH6Pf5M=") -> #VALUE! | ES9: =AND(Versiones!CI3,"AAAAAH6Pf5Q=") -> #VALUE! | ET9: =AND(Versiones!CJ3,"AAAAAH6Pf5U=") -> #VALUE! | EU9: =AND(Versiones!CK3,"AAAAAH6Pf5Y=") -> #VALUE! | EV9: =AND(Versiones!CL3,"AAAAAH6Pf5c=") -> #VALUE! | EW9: =AND(Versiones!CM3,"AAAAAH6Pf5g=") -> #VALUE! | EX9: =AND(Versiones!CN3,"AAAAAH6Pf5k=") -> #VALUE! | EY9: =AND(Versiones!CO3,"AAAAAH6Pf5o=") -> #VALUE! | EZ9: =AND(Versiones!CP3,"AAAAAH6Pf5s=") -> #VALUE! | FA9: =AND(Versiones!CQ3,"AAAAAH6Pf5w=") -> #VALUE! | FB9: =AND(Versiones!CR3,"AAAAAH6Pf50=") -> #VALUE! | FC9: =AND(Versiones!CS3,"AAAAAH6Pf54=") -> #VALUE! | FD9: =AND(Versiones!CT3,"AAAAAH6Pf58=") -> #VALUE! | FE9: =AND(Versiones!CU3,"AAAAAH6Pf6A=") -> #VALUE! | FF9: =AND(Versiones!CV3,"AAAAAH6Pf6E=") -> #VALUE! | FG9: =AND(Versiones!CW3,"AAAAAH6Pf6I=") -> #VALUE! | FH9: =AND(Versiones!CX3,"AAAAAH6Pf6M=") -> #VALUE! | FI9: =AND(Versiones!CY3,"AAAAAH6Pf6Q=") -> #VALUE! | FJ9: =AND(Versiones!CZ3,"AAAAAH6Pf6U=") -> #VALUE! | FK9: =AND(Versiones!DA3,"AAAAAH6Pf6Y=") -> #VALUE! | FL9: =AND(Versiones!DB3,"AAAAAH6Pf6c=") -> #VALUE! | FM9: =AND(Versiones!DC3,"AAAAAH6Pf6g=") -> #VALUE! | FN9: =AND(Versiones!DD3,"AAAAAH6Pf6k=") -> #VALUE! | FO9: =AND(Versiones!DE3,"AAAAAH6Pf6o=") -> #VALUE! | FP9: =AND(Versiones!DF3,"AAAAAH6Pf6s=") -> #VALUE! | FQ9: =AND(Versiones!DG3,"AAAAAH6Pf6w=") -> #VALUE! | FR9: =AND(Versiones!DH3,"AAAAAH6Pf60=") -> #VALUE! | FS9: =AND(Versiones!DI3,"AAAAAH6Pf64=") -> #VALUE! | FT9: =AND(Versiones!DJ3,"AAAAAH6Pf68=") -> #VALUE! | FU9: =AND(Versiones!DK3,"AAAAAH6Pf7A=") -> #VALUE! | FV9: =AND(Versiones!DL3,"AAAAAH6Pf7E=") -> #VALUE! | FW9: =AND(Versiones!DM3,"AAAAAH6Pf7I=") -> #VALUE! | FX9: =AND(Versiones!DN3,"AAAAAH6Pf7M=") -> #VALUE! | FY9: =AND(Versiones!DO3,"AAAAAH6Pf7Q=") -> #VALUE! | FZ9: =AND(Versiones!DP3,"AAAAAH6Pf7U=") -> #VALUE! | GA9: =AND(Versiones!DQ3,"AAAAAH6Pf7Y=") -> #VALUE! | GB9: =AND(Versiones!DR3,"AAAAAH6Pf7c=") -> #VALUE! | GC9: =AND(Versiones!DS3,"AAAAAH6Pf7g=") -> #VALUE! | GD9: =AND(Versiones!DT3,"AAAAAH6Pf7k=") -> #VALUE! | GE9: =AND(Versiones!DU3,"AAAAAH6Pf7o=") -> #VALUE! | GF9: =AND(Versiones!DV3,"AAAAAH6Pf7s=") -> #VALUE! | GG9: =AND(Versiones!DW3,"AAAAAH6Pf7w=") -> #VALUE! | GH9: =AND(Versiones!DX3,"AAAAAH6Pf70=") -> #VALUE! | GI9: =AND(Versiones!DY3,"AAAAAH6Pf74=") -> #VALUE! | GJ9: =AND(Versiones!DZ3,"AAAAAH6Pf78=") -> #VALUE! | GK9: =AND(Versiones!EA3,"AAAAAH6Pf8A=") -> #VALUE! | GL9: =AND(Versiones!EB3,"AAAAAH6Pf8E=") -> #VALUE! | GM9: =AND(Versiones!EC3,"AAAAAH6Pf8I=") -> #VALUE! | GN9: =AND(Versiones!ED3,"AAAAAH6Pf8M=") -> #VALUE! | GO9: =AND(Versiones!EE3,"AAAAAH6Pf8Q=") -> #VALUE! | GP9: =AND(Versiones!EF3,"AAAAAH6Pf8U=") -> #VALUE! | GQ9: =AND(Versiones!EG3,"AAAAAH6Pf8Y=") -> #VALUE! | GR9: =AND(Versiones!EH3,"AAAAAH6Pf8c=") -> #VALUE! | GS9: =AND(Versiones!EI3,"AAAAAH6Pf8g=") -> #VALUE! | GT9: =AND(Versiones!EJ3,"AAAAAH6Pf8k=") -> #VALUE! | GU9: =AND(Versiones!EK3,"AAAAAH6Pf8o=") -> #VALUE! | GV9: =AND(Versiones!EL3,"AAAAAH6Pf8s=") -> #VALUE! | GW9: =AND(Versiones!EM3,"AAAAAH6Pf8w=") -> #VALUE! | GX9: =AND(Versiones!EN3,"AAAAAH6Pf80=") -> #VALUE! | GY9: =AND(Versiones!EO3,"AAAAAH6Pf84=") -> #VALUE! | GZ9: =AND(Versiones!EP3,"AAAAAH6Pf88=") -> #VALUE! | HA9: =AND(Versiones!EQ3,"AAAAAH6Pf9A=") -> #VALUE! | HB9: =AND(Versiones!ER3,"AAAAAH6Pf9E=") -> #VALUE! | HC9: =AND(Versiones!ES3,"AAAAAH6Pf9I=") -> #VALUE! | HD9: =AND(Versiones!ET3,"AAAAAH6Pf9M=") -> #VALUE! | HE9: =AND(Versiones!EU3,"AAAAAH6Pf9Q=") -> #VALUE! | HF9: =AND(Versiones!EV3,"AAAAAH6Pf9U=") -> #VALUE! | HG9: =AND(Versiones!EW3,"AAAAAH6Pf9Y=") -> #VALUE! | HH9: =AND(Versiones!EX3,"AAAAAH6Pf9c=") -> #VALUE! | HI9: =AND(Versiones!EY3,"AAAAAH6Pf9g=") -> #VALUE! | HJ9: =AND(Versiones!EZ3,"AAAAAH6Pf9k=") -> #VALUE! | HK9: =AND(Versiones!FA3,"AAAAAH6Pf9o=") -> #VALUE! | HL9: =AND(Versiones!FB3,"AAAAAH6Pf9s=") -> #VALUE! | HM9: =AND(Versiones!FC3,"AAAAAH6Pf9w=") -> #VALUE! | HN9: =AND(Versiones!FD3,"AAAAAH6Pf90=") -> #VALUE! | HO9: =AND(Versiones!FE3,"AAAAAH6Pf94=") -> #VALUE! | HP9: =AND(Versiones!FF3,"AAAAAH6Pf98=") -> #VALUE! | HQ9: =AND(Versiones!FG3,"AAAAAH6Pf+A=") -> #VALUE! | HR9: =AND(Versiones!FH3,"AAAAAH6Pf+E=") -> #VALUE! | HS9: =AND(Versiones!FI3,"AAAAAH6Pf+I=") -> #VALUE! | HT9: =AND(Versiones!FJ3,"AAAAAH6Pf+M=") -> #VALUE! | HU9: =AND(Versiones!FK3,"AAAAAH6Pf+Q=") -> #VALUE! | HV9: =AND(Versiones!FL3,"AAAAAH6Pf+U=") -> #VALUE! | HW9: =AND(Versiones!FM3,"AAAAAH6Pf+Y=") -> #VALUE! | HX9: =AND(Versiones!FN3,"AAAAAH6Pf+c=") -> #VALUE! | HY9: =AND(Versiones!FO3,"AAAAAH6Pf+g=") -> #VALUE! | HZ9: =AND(Versiones!FP3,"AAAAAH6Pf+k=") -> #VALUE! | IA9: =AND(Versiones!FQ3,"AAAAAH6Pf+o=") -> #VALUE! | IB9: =AND(Versiones!FR3,"AAAAAH6Pf+s=") -> #VALUE! | IC9: =AND(Versiones!FS3,"AAAAAH6Pf+w=") -> #VALUE! | ID9: =AND(Versiones!FT3,"AAAAAH6Pf+0=") -> #VALUE! | IE9: =AND(Versiones!FU3,"AAAAAH6Pf+4=") -> #VALUE! | IF9: =AND(Versiones!FV3,"AAAAAH6Pf+8=") -> #VALUE! | IG9: =AND(Versiones!FW3,"AAAAAH6Pf/A=") -> #VALUE! | IH9: =AND(Versiones!FX3,"AAAAAH6Pf/E=") -> #VALUE! | II9: =AND(Versiones!FY3,"AAAAAH6Pf/I=") -> #VALUE! | IJ9: =AND(Versiones!FZ3,"AAAAAH6Pf/M=") -> #VALUE! | IK9: =AND(Versiones!GA3,"AAAAAH6Pf/Q=") -> #VALUE! | IL9: =AND(Versiones!GB3,"AAAAAH6Pf/U=") -> #VALUE! | IM9: =AND(Versiones!GC3,"AAAAAH6Pf/Y=") -> #VALUE! | IN9: =AND(Versiones!GD3,"AAAAAH6Pf/c=") -> #VALUE! | IO9: =AND(Versiones!GE3,"AAAAAH6Pf/g=") -> #VALUE! | IP9: =AND(Versiones!GF3,"AAAAAH6Pf/k=") -> #VALUE! | IQ9: =AND(Versiones!GG3,"AAAAAH6Pf/o=") -> #VALUE! | IR9: =AND(Versiones!GH3,"AAAAAH6Pf/s=") -> #VALUE! | IS9: =AND(Versiones!GI3,"AAAAAH6Pf/w=") -> #VALUE! | IT9: =AND(Versiones!GJ3,"AAAAAH6Pf/0=") -> #VALUE! | IU9: =AND(Versiones!GK3,"AAAAAH6Pf/4=") -> #VALUE! | IV9: =AND(Versiones!GL3,"AAAAAH6Pf/8=") -> #VALUE!
A10: =AND(Versiones!GM3,"AAAAAGfPPQA=") -> #VALUE! | B10: =AND(Versiones!GN3,"AAAAAGfPPQE=") -> #VALUE! | C10: =AND(Versiones!GO3,"AAAAAGfPPQI=") -> #VALUE! | D10: =AND(Versiones!GP3,"AAAAAGfPPQM=") -> #VALUE! | E10: =AND(Versiones!GQ3,"AAAAAGfPPQQ=") -> #VALUE! | F10: =AND(Versiones!GR3,"AAAAAGfPPQU=") -> #VALUE! | G10: =AND(Versiones!GS3,"AAAAAGfPPQY=") -> #VALUE! | H10: =AND(Versiones!GT3,"AAAAAGfPPQc=") -> #VALUE! | I10: =AND(Versiones!GU3,"AAAAAGfPPQg=") -> #VALUE! | J10: =AND(Versiones!GV3,"AAAAAGfPPQk=") -> #VALUE! | K10: =AND(Versiones!GW3,"AAAAAGfPPQo=") -> #VALUE! | L10: =AND(Versiones!GX3,"AAAAAGfPPQs=") -> #VALUE! | M10: =AND(Versiones!GY3,"AAAAAGfPPQw=") -> #VALUE! | N10: =AND(Versiones!GZ3,"AAAAAGfPPQ0=") -> #VALUE! | O10: =AND(Versiones!HA3,"AAAAAGfPPQ4=") -> #VALUE! | P10: =AND(Versiones!HB3,"AAAAAGfPPQ8=") -> #VALUE! | Q10: =AND(Versiones!HC3,"AAAAAGfPPRA=") -> #VALUE! | R10: =AND(Versiones!HD3,"AAAAAGfPPRE=") -> #VALUE! | S10: =AND(Versiones!HE3,"AAAAAGfPPRI=") -> #VALUE! | T10: =AND(Versiones!HF3,"AAAAAGfPPRM=") -> #VALUE! | U10: =AND(Versiones!HG3,"AAAAAGfPPRQ=") -> #VALUE! | V10: =AND(Versiones!HH3,"AAAAAGfPPRU=") -> #VALUE! | W10: =AND(Versiones!HI3,"AAAAAGfPPRY=") -> #VALUE! | X10: =IF(Versiones!4:4,"AAAAAGfPPRc=",0) -> 0 | Y10: =AND(Versiones!A4,"AAAAAGfPPRg=") -> #VALUE! | Z10: =AND(Versiones!B4,"AAAAAGfPPRk=") -> #VALUE! | AA10: =AND(Versiones!C4,"AAAAAGfPPRo=") -> #VALUE! | AB10: =AND(Versiones!D4,"AAAAAGfPPRs=") -> #VALUE! | AC10: =AND(Versiones!E4,"AAAAAGfPPRw=") -> #VALUE! | AD10: =AND(Versiones!F4,"AAAAAGfPPR0=") -> #VALUE! | AE10: =AND(Versiones!#REF!,"AAAAAGfPPR4=") -> #REF! | AF10: =AND(Versiones!G4,"AAAAAGfPPR8=") -> #VALUE! | AG10: =AND(Versiones!H4,"AAAAAGfPPSA=") -> #VALUE! | AH10: =AND(Versiones!I4,"AAAAAGfPPSE=") -> #VALUE! | AI10: =AND(Versiones!J4,"AAAAAGfPPSI=") -> #VALUE! | AJ10: =AND(Versiones!K4,"AAAAAGfPPSM=") -> #VALUE! | AK10: =AND(Versiones!L4,"AAAAAGfPPSQ=") -> #VALUE! | AL10: =AND(Versiones!M4,"AAAAAGfPPSU=") -> #VALUE! | AM10: =AND(Versiones!N4,"AAAAAGfPPSY=") -> #VALUE! | AN10: =AND(Versiones!O4,"AAAAAGfPPSc=") -> #VALUE! | AO10: =AND(Versiones!P4,"AAAAAGfPPSg=") -> #VALUE! | AP10: =AND(Versiones!Q4,"AAAAAGfPPSk=") -> #VALUE! | AQ10: =AND(Versiones!R4,"AAAAAGfPPSo=") -> #VALUE! | AR10: =AND(Versiones!S4,"AAAAAGfPPSs=") -> #VALUE! | AS10: =AND(Versiones!T4,"AAAAAGfPPSw=") -> #VALUE! | AT10: =AND(Versiones!U4,"AAAAAGfPPS0=") -> #VALUE! | AU10: =AND(Versiones!V4,"AAAAAGfPPS4=") -> #VALUE! | AV10: =AND(Versiones!W4,"AAAAAGfPPS8=") -> #VALUE! | AW10: =AND(Versiones!X4,"AAAAAGfPPTA=") -> #VALUE! | AX10: =AND(Versiones!Y4,"AAAAAGfPPTE=") -> #VALUE! | AY10: =AND(Versiones!Z4,"AAAAAGfPPTI=") -> #VALUE! | AZ10: =AND(Versiones!AA4,"AAAAAGfPPTM=") -> #VALUE! | BA10: =AND(Versiones!AB4,"AAAAAGfPPTQ=") -> #VALUE! | BB10: =AND(Versiones!AC4,"AAAAAGfPPTU=") -> #VALUE! | BC10: =AND(Versiones!AD4,"AAAAAGfPPTY=") -> #VALUE! | BD10: =AND(Versiones!AE4,"AAAAAGfPPTc=") -> #VALUE! | BE10: =AND(Versiones!AF4,"AAAAAGfPPTg=") -> #VALUE! | BF10: =AND(Versiones!AG4,"AAAAAGfPPTk=") -> #VALUE! | BG10: =AND(Versiones!AH4,"AAAAAGfPPTo=") -> #VALUE! | BH10: =AND(Versiones!AI4,"AAAAAGfPPTs=") -> #VALUE! | BI10: =AND(Versiones!AJ4,"AAAAAGfPPTw=") -> #VALUE! | BJ10: =AND(Versiones!AK4,"AAAAAGfPPT0=") -> #VALUE! | BK10: =AND(Versiones!AL4,"AAAAAGfPPT4=") -> #VALUE! | BL10: =AND(Versiones!AM4,"AAAAAGfPPT8=") -> #VALUE! | BM10: =AND(Versiones!AN4,"AAAAAGfPPUA=") -> #VALUE! | BN10: =AND(Versiones!AO4,"AAAAAGfPPUE=") -> #VALUE! | BO10: =AND(Versiones!AP4,"AAAAAGfPPUI=") -> #VALUE! | BP10: =AND(Versiones!AQ4,"AAAAAGfPPUM=") -> #VALUE! | BQ10: =AND(Versiones!AR4,"AAAAAGfPPUQ=") -> #VALUE! | BR10: =AND(Versiones!AS4,"AAAAAGfPPUU=") -> #VALUE! | BS10: =AND(Versiones!AT4,"AAAAAGfPPUY=") -> #VALUE! | BT10: =AND(Versiones!AU4,"AAAAAGfPPUc=") -> #VALUE! | BU10: =AND(Versiones!AV4,"AAAAAGfPPUg=") -> #VALUE! | BV10: =AND(Versiones!AW4,"AAAAAGfPPUk=") -> #VALUE! | BW10: =AND(Versiones!AX4,"AAAAAGfPPUo=") -> #VALUE! | BX10: =AND(Versiones!AY4,"AAAAAGfPPUs=") -> #VALUE! | BY10: =AND(Versiones!AZ4,"AAAAAGfPPUw=") -> #VALUE! | BZ10: =AND(Versiones!BA4,"AAAAAGfPPU0=") -> #VALUE! | CA10: =AND(Versiones!BB4,"AAAAAGfPPU4=") -> #VALUE! | CB10: =AND(Versiones!BC4,"AAAAAGfPPU8=") -> #VALUE! | CC10: =AND(Versiones!BD4,"AAAAAGfPPVA=") -> #VALUE! | CD10: =AND(Versiones!BE4,"AAAAAGfPPVE=") -> #VALUE! | CE10: =AND(Versiones!BF4,"AAAAAGfPPVI=") -> #VALUE! | CF10: =AND(Versiones!BG4,"AAAAAGfPPVM=") -> #VALUE! | CG10: =AND(Versiones!BH4,"AAAAAGfPPVQ=") -> #VALUE! | CH10: =AND(Versiones!BI4,"AAAAAGfPPVU=") -> #VALUE! | CI10: =AND(Versiones!BJ4,"AAAAAGfPPVY=") -> #VALUE! | CJ10: =AND(Versiones!BK4,"AAAAAGfPPVc=") -> #VALUE! | CK10: =AND(Versiones!BL4,"AAAAAGfPPVg=") -> #VALUE! | CL10: =AND(Versiones!BM4,"AAAAAGfPPVk=") -> #VALUE! | CM10: =AND(Versiones!BN4,"AAAAAGfPPVo=") -> #VALUE! | CN10: =AND(Versiones!BO4,"AAAAAGfPPVs=") -> #VALUE! | CO10: =AND(Versiones!BP4,"AAAAAGfPPVw=") -> #VALUE! | CP10: =AND(Versiones!BQ4,"AAAAAGfPPV0=") -> #VALUE! | CQ10: =AND(Versiones!BR4,"AAAAAGfPPV4=") -> #VALUE! | CR10: =AND(Versiones!BS4,"AAAAAGfPPV8=") -> #VALUE! | CS10: =AND(Versiones!BT4,"AAAAAGfPPWA=") -> #VALUE! | CT10: =AND(Versiones!BU4,"AAAAAGfPPWE=") -> #VALUE! | CU10: =AND(Versiones!BV4,"AAAAAGfPPWI=") -> #VALUE! | CV10: =AND(Versiones!BW4,"AAAAAGfPPWM=") -> #VALUE! | CW10: =AND(Versiones!BX4,"AAAAAGfPPWQ=") -> #VALUE! | CX10: =AND(Versiones!BY4,"AAAAAGfPPWU=") -> #VALUE! | CY10: =AND(Versiones!BZ4,"AAAAAGfPPWY=") -> #VALUE! | CZ10: =AND(Versiones!CA4,"AAAAAGfPPWc=") -> #VALUE! | DA10: =AND(Versiones!CB4,"AAAAAGfPPWg=") -> #VALUE! | DB10: =AND(Versiones!CC4,"AAAAAGfPPWk=") -> #VALUE! | DC10: =AND(Versiones!CD4,"AAAAAGfPPWo=") -> #VALUE! | DD10: =AND(Versiones!CE4,"AAAAAGfPPWs=") -> #VALUE! | DE10: =AND(Versiones!CF4,"AAAAAGfPPWw=") -> #VALUE! | DF10: =AND(Versiones!CG4,"AAAAAGfPPW0=") -> #VALUE! | DG10: =AND(Versiones!CH4,"AAAAAGfPPW4=") -> #VALUE! | DH10: =AND(Versiones!CI4,"AAAAAGfPPW8=") -> #VALUE! | DI10: =AND(Versiones!CJ4,"AAAAAGfPPXA=") -> #VALUE! | DJ10: =AND(Versiones!CK4,"AAAAAGfPPXE=") -> #VALUE! | DK10: =AND(Versiones!CL4,"AAAAAGfPPXI=") -> #VALUE! | DL10: =AND(Versiones!CM4,"AAAAAGfPPXM=") -> #VALUE! | DM10: =AND(Versiones!CN4,"AAAAAGfPPXQ=") -> #VALUE! | DN10: =AND(Versiones!CO4,"AAAAAGfPPXU=") -> #VALUE! | DO10: =AND(Versiones!CP4,"AAAAAGfPPXY=") -> #VALUE! | DP10: =AND(Versiones!CQ4,"AAAAAGfPPXc=") -> #VALUE! | DQ10: =AND(Versiones!CR4,"AAAAAGfPPXg=") -> #VALUE! | DR10: =AND(Versiones!CS4,"AAAAAGfPPXk=") -> #VALUE! | DS10: =AND(Versiones!CT4,"AAAAAGfPPXo=") -> #VALUE! | DT10: =AND(Versiones!CU4,"AAAAAGfPPXs=") -> #VALUE! | DU10: =AND(Versiones!CV4,"AAAAAGfPPXw=") -> #VALUE! | DV10: =AND(Versiones!CW4,"AAAAAGfPPX0=") -> #VALUE! | DW10: =AND(Versiones!CX4,"AAAAAGfPPX4=") -> #VALUE! | DX10: =AND(Versiones!CY4,"AAAAAGfPPX8=") -> #VALUE! | DY10: =AND(Versiones!CZ4,"AAAAAGfPPYA=") -> #VALUE! | DZ10: =AND(Versiones!DA4,"AAAAAGfPPYE=") -> #VALUE! | EA10: =AND(Versiones!DB4,"AAAAAGfPPYI=") -> #VALUE! | EB10: =AND(Versiones!DC4,"AAAAAGfPPYM=") -> #VALUE! | EC10: =AND(Versiones!DD4,"AAAAAGfPPYQ=") -> #VALUE! | ED10: =AND(Versiones!DE4,"AAAAAGfPPYU=") -> #VALUE! | EE10: =AND(Versiones!DF4,"AAAAAGfPPYY=") -> #VALUE! | EF10: =AND(Versiones!DG4,"AAAAAGfPPYc=") -> #VALUE! | EG10: =AND(Versiones!DH4,"AAAAAGfPPYg=") -> #VALUE! | EH10: =AND(Versiones!DI4,"AAAAAGfPPYk=") -> #VALUE! | EI10: =AND(Versiones!DJ4,"AAAAAGfPPYo=") -> #VALUE! | EJ10: =AND(Versiones!DK4,"AAAAAGfPPYs=") -> #VALUE! | EK10: =AND(Versiones!DL4,"AAAAAGfPPYw=") -> #VALUE! | EL10: =AND(Versiones!DM4,"AAAAAGfPPY0=") -> #VALUE! | EM10: =AND(Versiones!DN4,"AAAAAGfPPY4=") -> #VALUE! | EN10: =AND(Versiones!DO4,"AAAAAGfPPY8=") -> #VALUE! | EO10: =AND(Versiones!DP4,"AAAAAGfPPZA=") -> #VALUE! | EP10: =AND(Versiones!DQ4,"AAAAAGfPPZE=") -> #VALUE! | EQ10: =AND(Versiones!DR4,"AAAAAGfPPZI=") -> #VALUE! | ER10: =AND(Versiones!DS4,"AAAAAGfPPZM=") -> #VALUE! | ES10: =AND(Versiones!DT4,"AAAAAGfPPZQ=") -> #VALUE! | ET10: =AND(Versiones!DU4,"AAAAAGfPPZU=") -> #VALUE! | EU10: =AND(Versiones!DV4,"AAAAAGfPPZY=") -> #VALUE! | EV10: =AND(Versiones!DW4,"AAAAAGfPPZc=") -> #VALUE! | EW10: =AND(Versiones!DX4,"AAAAAGfPPZg=") -> #VALUE! | EX10: =AND(Versiones!DY4,"AAAAAGfPPZk=") -> #VALUE! | EY10: =AND(Versiones!DZ4,"AAAAAGfPPZo=") -> #VALUE! | EZ10: =AND(Versiones!EA4,"AAAAAGfPPZs=") -> #VALUE! | FA10: =AND(Versiones!EB4,"AAAAAGfPPZw=") -> #VALUE! | FB10: =AND(Versiones!EC4,"AAAAAGfPPZ0=") -> #VALUE! | FC10: =AND(Versiones!ED4,"AAAAAGfPPZ4=") -> #VALUE! | FD10: =AND(Versiones!EE4,"AAAAAGfPPZ8=") -> #VALUE! | FE10: =AND(Versiones!EF4,"AAAAAGfPPaA=") -> #VALUE! | FF10: =AND(Versiones!EG4,"AAAAAGfPPaE=") -> #VALUE! | FG10: =AND(Versiones!EH4,"AAAAAGfPPaI=") -> #VALUE! | FH10: =AND(Versiones!EI4,"AAAAAGfPPaM=") -> #VALUE! | FI10: =AND(Versiones!EJ4,"AAAAAGfPPaQ=") -> #VALUE! | FJ10: =AND(Versiones!EK4,"AAAAAGfPPaU=") -> #VALUE! | FK10: =AND(Versiones!EL4,"AAAAAGfPPaY=") -> #VALUE! | FL10: =AND(Versiones!EM4,"AAAAAGfPPac=") -> #VALUE! | FM10: =AND(Versiones!EN4,"AAAAAGfPPag=") -> #VALUE! | FN10: =AND(Versiones!EO4,"AAAAAGfPPak=") -> #VALUE! | FO10: =AND(Versiones!EP4,"AAAAAGfPPao=") -> #VALUE! | FP10: =AND(Versiones!EQ4,"AAAAAGfPPas=") -> #VALUE! | FQ10: =AND(Versiones!ER4,"AAAAAGfPPaw=") -> #VALUE! | FR10: =AND(Versiones!ES4,"AAAAAGfPPa0=") -> #VALUE! | FS10: =AND(Versiones!ET4,"AAAAAGfPPa4=") -> #VALUE! | FT10: =AND(Versiones!EU4,"AAAAAGfPPa8=") -> #VALUE! | FU10: =AND(Versiones!EV4,"AAAAAGfPPbA=") -> #VALUE! | FV10: =AND(Versiones!EW4,"AAAAAGfPPbE=") -> #VALUE! | FW10: =AND(Versiones!EX4,"AAAAAGfPPbI=") -> #VALUE! | FX10: =AND(Versiones!EY4,"AAAAAGfPPbM=") -> #VALUE! | FY10: =AND(Versiones!EZ4,"AAAAAGfPPbQ=") -> #VALUE! | FZ10: =AND(Versiones!FA4,"AAAAAGfPPbU=") -> #VALUE! | GA10: =AND(Versiones!FB4,"AAAAAGfPPbY=") -> #VALUE! | GB10: =AND(Versiones!FC4,"AAAAAGfPPbc=") -> #VALUE! | GC10: =AND(Versiones!FD4,"AAAAAGfPPbg=") -> #VALUE! | GD10: =AND(Versiones!FE4,"AAAAAGfPPbk=") -> #VALUE! | GE10: =AND(Versiones!FF4,"AAAAAGfPPbo=") -> #VALUE! | GF10: =AND(Versiones!FG4,"AAAAAGfPPbs=") -> #VALUE! | GG10: =AND(Versiones!FH4,"AAAAAGfPPbw=") -> #VALUE! | GH10: =AND(Versiones!FI4,"AAAAAGfPPb0=") -> #VALUE! | GI10: =AND(Versiones!FJ4,"AAAAAGfPPb4=") -> #VALUE! | GJ10: =AND(Versiones!FK4,"AAAAAGfPPb8=") -> #VALUE! | GK10: =AND(Versiones!FL4,"AAAAAGfPPcA=") -> #VALUE! | GL10: =AND(Versiones!FM4,"AAAAAGfPPcE=") -> #VALUE! | GM10: =AND(Versiones!FN4,"AAAAAGfPPcI=") -> #VALUE! | GN10: =AND(Versiones!FO4,"AAAAAGfPPcM=") -> #VALUE! | GO10: =AND(Versiones!FP4,"AAAAAGfPPcQ=") -> #VALUE! | GP10: =AND(Versiones!FQ4,"AAAAAGfPPcU=") -> #VALUE! | GQ10: =AND(Versiones!FR4,"AAAAAGfPPcY=") -> #VALUE! | GR10: =AND(Versiones!FS4,"AAAAAGfPPcc=") -> #VALUE! | GS10: =AND(Versiones!FT4,"AAAAAGfPPcg=") -> #VALUE! | GT10: =AND(Versiones!FU4,"AAAAAGfPPck=") -> #VALUE! | GU10: =AND(Versiones!FV4,"AAAAAGfPPco=") -> #VALUE! | GV10: =AND(Versiones!FW4,"AAAAAGfPPcs=") -> #VALUE! | GW10: =AND(Versiones!FX4,"AAAAAGfPPcw=") -> #VALUE! | GX10: =AND(Versiones!FY4,"AAAAAGfPPc0=") -> #VALUE! | GY10: =AND(Versiones!FZ4,"AAAAAGfPPc4=") -> #VALUE! | GZ10: =AND(Versiones!GA4,"AAAAAGfPPc8=") -> #VALUE! | HA10: =AND(Versiones!GB4,"AAAAAGfPPdA=") -> #VALUE! | HB10: =AND(Versiones!GC4,"AAAAAGfPPdE=") -> #VALUE! | HC10: =AND(Versiones!GD4,"AAAAAGfPPdI=") -> #VALUE! | HD10: =AND(Versiones!GE4,"AAAAAGfPPdM=") -> #VALUE! | HE10: =AND(Versiones!GF4,"AAAAAGfPPdQ=") -> #VALUE! | HF10: =AND(Versiones!GG4,"AAAAAGfPPdU=") -> #VALUE! | HG10: =AND(Versiones!GH4,"AAAAAGfPPdY=") -> #VALUE! | HH10: =AND(Versiones!GI4,"AAAAAGfPPdc=") -> #VALUE! | HI10: =AND(Versiones!GJ4,"AAAAAGfPPdg=") -> #VALUE! | HJ10: =AND(Versiones!GK4,"AAAAAGfPPdk=") -> #VALUE! | HK10: =AND(Versiones!GL4,"AAAAAGfPPdo=") -> #VALUE! | HL10: =AND(Versiones!GM4,"AAAAAGfPPds=") -> #VALUE! | HM10: =AND(Versiones!GN4,"AAAAAGfPPdw=") -> #VALUE! | HN10: =AND(Versiones!GO4,"AAAAAGfPPd0=") -> #VALUE! | HO10: =AND(Versiones!GP4,"AAAAAGfPPd4=") -> #VALUE! | HP10: =AND(Versiones!GQ4,"AAAAAGfPPd8=") -> #VALUE! | HQ10: =AND(Versiones!GR4,"AAAAAGfPPeA=") -> #VALUE! | HR10: =AND(Versiones!GS4,"AAAAAGfPPeE=") -> #VALUE! | HS10: =AND(Versiones!GT4,"AAAAAGfPPeI=") -> #VALUE! | HT10: =AND(Versiones!GU4,"AAAAAGfPPeM=") -> #VALUE! | HU10: =AND(Versiones!GV4,"AAAAAGfPPeQ=") -> #VALUE! | HV10: =AND(Versiones!GW4,"AAAAAGfPPeU=") -> #VALUE! | HW10: =AND(Versiones!GX4,"AAAAAGfPPeY=") -> #VALUE! | HX10: =AND(Versiones!GY4,"AAAAAGfPPec=") -> #VALUE! | HY10: =AND(Versiones!GZ4,"AAAAAGfPPeg=") -> #VALUE! | HZ10: =AND(Versiones!HA4,"AAAAAGfPPek=") -> #VALUE! | IA10: =AND(Versiones!HB4,"AAAAAGfPPeo=") -> #VALUE! | IB10: =AND(Versiones!HC4,"AAAAAGfPPes=") -> #VALUE! | IC10: =AND(Versiones!HD4,"AAAAAGfPPew=") -> #VALUE! | ID10: =AND(Versiones!HE4,"AAAAAGfPPe0=") -> #VALUE! | IE10: =AND(Versiones!HF4,"AAAAAGfPPe4=") -> #VALUE! | IF10: =AND(Versiones!HG4,"AAAAAGfPPe8=") -> #VALUE! | IG10: =AND(Versiones!HH4,"AAAAAGfPPfA=") -> #VALUE! | IH10: =AND(Versiones!HI4,"AAAAAGfPPfE=") -> #VALUE! | II10: =IF(Versiones!5:5,"AAAAAGfPPfI=",0) -> 0 | IJ10: =AND(Versiones!A5,"AAAAAGfPPfM=") -> #VALUE! | IK10: =AND(Versiones!B5,"AAAAAGfPPfQ=") -> #VALUE! | IL10: =AND(Versiones!C5,"AAAAAGfPPfU=") -> #VALUE! | IM10: =AND(Versiones!D5,"AAAAAGfPPfY=") -> #VALUE! | IN10: =AND(Versiones!E5,"AAAAAGfPPfc=") -> #VALUE! | IO10: =AND(Versiones!F5,"AAAAAGfPPfg=") -> #VALUE! | IP10: =AND(Versiones!#REF!,"AAAAAGfPPfk=") -> #REF! | IQ10: =AND(Versiones!G5,"AAAAAGfPPfo=") -> #VALUE! | IR10: =AND(Versiones!H5,"AAAAAGfPPfs=") -> #VALUE! | IS10: =AND(Versiones!I5,"AAAAAGfPPfw=") -> #VALUE! | IT10: =AND(Versiones!J5,"AAAAAGfPPf0=") -> #VALUE! | IU10: =AND(Versiones!K5,"AAAAAGfPPf4=") -> #VALUE! | IV10: =AND(Versiones!L5,"AAAAAGfPPf8=") -> #VALUE!
A11: =AND(Versiones!M5,"AAAAAD/D2gA=") -> #VALUE! | B11: =AND(Versiones!N5,"AAAAAD/D2gE=") -> #VALUE! | C11: =AND(Versiones!O5,"AAAAAD/D2gI=") -> #VALUE! | D11: =AND(Versiones!P5,"AAAAAD/D2gM=") -> #VALUE! | E11: =AND(Versiones!Q5,"AAAAAD/D2gQ=") -> #VALUE! | F11: =AND(Versiones!R5,"AAAAAD/D2gU=") -> #VALUE! | G11: =AND(Versiones!S5,"AAAAAD/D2gY=") -> #VALUE! | H11: =AND(Versiones!T5,"AAAAAD/D2gc=") -> #VALUE! | I11: =AND(Versiones!U5,"AAAAAD/D2gg=") -> #VALUE! | J11: =AND(Versiones!V5,"AAAAAD/D2gk=") -> #VALUE! | K11: =AND(Versiones!W5,"AAAAAD/D2go=") -> #VALUE! | L11: =AND(Versiones!X5,"AAAAAD/D2gs=") -> #VALUE! | M11: =AND(Versiones!Y5,"AAAAAD/D2gw=") -> #VALUE! | N11: =AND(Versiones!Z5,"AAAAAD/D2g0=") -> #VALUE! | O11: =AND(Versiones!AA5,"AAAAAD/D2g4=") -> #VALUE! | P11: =AND(Versiones!AB5,"AAAAAD/D2g8=") -> #VALUE! | Q11: =AND(Versiones!AC5,"AAAAAD/D2hA=") -> #VALUE! | R11: =AND(Versiones!AD5,"AAAAAD/D2hE=") -> #VALUE! | S11: =AND(Versiones!AE5,"AAAAAD/D2hI=") -> #VALUE! | T11: =AND(Versiones!AF5,"AAAAAD/D2hM=") -> #VALUE! | U11: =AND(Versiones!AG5,"AAAAAD/D2hQ=") -> #VALUE! | V11: =AND(Versiones!AH5,"AAAAAD/D2hU=") -> #VALUE! | W11: =AND(Versiones!AI5,"AAAAAD/D2hY=") -> #VALUE! | X11: =AND(Versiones!AJ5,"AAAAAD/D2hc=") -> #VALUE! | Y11: =AND(Versiones!AK5,"AAAAAD/D2hg=") -> #VALUE! | Z11: =AND(Versiones!AL5,"AAAAAD/D2hk=") -> #VALUE! | AA11: =AND(Versiones!AM5,"AAAAAD/D2ho=") -> #VALUE! | AB11: =AND(Versiones!AN5,"AAAAAD/D2hs=") -> #VALUE! | AC11: =AND(Versiones!AO5,"AAAAAD/D2hw=") -> #VALUE! | AD11: =AND(Versiones!AP5,"AAAAAD/D2h0=") -> #VALUE! | AE11: =AND(Versiones!AQ5,"AAAAAD/D2h4=") -> #VALUE! | AF11: =AND(Versiones!AR5,"AAAAAD/D2h8=") -> #VALUE! | AG11: =AND(Versiones!AS5,"AAAAAD/D2iA=") -> #VALUE! | AH11: =AND(Versiones!AT5,"AAAAAD/D2iE=") -> #VALUE! | AI11: =AND(Versiones!AU5,"AAAAAD/D2iI=") -> #VALUE! | AJ11: =AND(Versiones!AV5,"AAAAAD/D2iM=") -> #VALUE! | AK11: =AND(Versiones!AW5,"AAAAAD/D2iQ=") -> #VALUE! | AL11: =AND(Versiones!AX5,"AAAAAD/D2iU=") -> #VALUE! | AM11: =AND(Versiones!AY5,"AAAAAD/D2iY=") -> #VALUE! | AN11: =AND(Versiones!AZ5,"AAAAAD/D2ic=") -> #VALUE! | AO11: =AND(Versiones!BA5,"AAAAAD/D2ig=") -> #VALUE! | AP11: =AND(Versiones!BB5,"AAAAAD/D2ik=") -> #VALUE! | AQ11: =AND(Versiones!BC5,"AAAAAD/D2io=") -> #VALUE! | AR11: =AND(Versiones!BD5,"AAAAAD/D2is=") -> #VALUE! | AS11: =AND(Versiones!BE5,"AAAAAD/D2iw=") -> #VALUE! | AT11: =AND(Versiones!BF5,"AAAAAD/D2i0=") -> #VALUE! | AU11: =AND(Versiones!BG5,"AAAAAD/D2i4=") -> #VALUE! | AV11: =AND(Versiones!BH5,"AAAAAD/D2i8=") -> #VALUE! | AW11: =AND(Versiones!BI5,"AAAAAD/D2jA=") -> #VALUE! | AX11: =AND(Versiones!BJ5,"AAAAAD/D2jE=") -> #VALUE! | AY11: =AND(Versiones!BK5,"AAAAAD/D2jI=") -> #VALUE! | AZ11: =AND(Versiones!BL5,"AAAAAD/D2jM=") -> #VALUE! | BA11: =AND(Versiones!BM5,"AAAAAD/D2jQ=") -> #VALUE! | BB11: =AND(Versiones!BN5,"AAAAAD/D2jU=") -> #VALUE! | BC11: =AND(Versiones!BO5,"AAAAAD/D2jY=") -> #VALUE! | BD11: =AND(Versiones!BP5,"AAAAAD/D2jc=") -> #VALUE! | BE11: =AND(Versiones!BQ5,"AAAAAD/D2jg=") -> #VALUE! | BF11: =AND(Versiones!BR5,"AAAAAD/D2jk=") -> #VALUE! | BG11: =AND(Versiones!BS5,"AAAAAD/D2jo=") -> #VALUE! | BH11: =AND(Versiones!BT5,"AAAAAD/D2js=") -> #VALUE! | BI11: =AND(Versiones!BU5,"AAAAAD/D2jw=") -> #VALUE! | BJ11: =AND(Versiones!BV5,"AAAAAD/D2j0=") -> #VALUE! | BK11: =AND(Versiones!BW5,"AAAAAD/D2j4=") -> #VALUE! | BL11: =AND(Versiones!BX5,"AAAAAD/D2j8=") -> #VALUE! | BM11: =AND(Versiones!BY5,"AAAAAD/D2kA=") -> #VALUE! | BN11: =AND(Versiones!BZ5,"AAAAAD/D2kE=") -> #VALUE! | BO11: =AND(Versiones!CA5,"AAAAAD/D2kI=") -> #VALUE! | BP11: =AND(Versiones!CB5,"AAAAAD/D2kM=") -> #VALUE! | BQ11: =AND(Versiones!CC5,"AAAAAD/D2kQ=") -> #VALUE! | BR11: =AND(Versiones!CD5,"AAAAAD/D2kU=") -> #VALUE! | BS11: =AND(Versiones!CE5,"AAAAAD/D2kY=") -> #VALUE! | BT11: =AND(Versiones!CF5,"AAAAAD/D2kc=") -> #VALUE! | BU11: =AND(Versiones!CG5,"AAAAAD/D2kg=") -> #VALUE! | BV11: =AND(Versiones!CH5,"AAAAAD/D2kk=") -> #VALUE! | BW11: =AND(Versiones!CI5,"AAAAAD/D2ko=") -> #VALUE! | BX11: =AND(Versiones!CJ5,"AAAAAD/D2ks=") -> #VALUE! | BY11: =AND(Versiones!CK5,"AAAAAD/D2kw=") -> #VALUE! | BZ11: =AND(Versiones!CL5,"AAAAAD/D2k0=") -> #VALUE! | CA11: =AND(Versiones!CM5,"AAAAAD/D2k4=") -> #VALUE! | CB11: =AND(Versiones!CN5,"AAAAAD/D2k8=") -> #VALUE! | CC11: =AND(Versiones!CO5,"AAAAAD/D2lA=") -> #VALUE! | CD11: =AND(Versiones!CP5,"AAAAAD/D2lE=") -> #VALUE! | CE11: =AND(Versiones!CQ5,"AAAAAD/D2lI=") -> #VALUE! | CF11: =AND(Versiones!CR5,"AAAAAD/D2lM=") -> #VALUE! | CG11: =AND(Versiones!CS5,"AAAAAD/D2lQ=") -> #VALUE! | CH11: =AND(Versiones!CT5,"AAAAAD/D2lU=") -> #VALUE! | CI11: =AND(Versiones!CU5,"AAAAAD/D2lY=") -> #VALUE! | CJ11: =AND(Versiones!CV5,"AAAAAD/D2lc=") -> #VALUE! | CK11: =AND(Versiones!CW5,"AAAAAD/D2lg=") -> #VALUE! | CL11: =AND(Versiones!CX5,"AAAAAD/D2lk=") -> #VALUE! | CM11: =AND(Versiones!CY5,"AAAAAD/D2lo=") -> #VALUE! | CN11: =AND(Versiones!CZ5,"AAAAAD/D2ls=") -> #VALUE! | CO11: =AND(Versiones!DA5,"AAAAAD/D2lw=") -> #VALUE! | CP11: =AND(Versiones!DB5,"AAAAAD/D2l0=") -> #VALUE! | CQ11: =AND(Versiones!DC5,"AAAAAD/D2l4=") -> #VALUE! | CR11: =AND(Versiones!DD5,"AAAAAD/D2l8=") -> #VALUE! | CS11: =AND(Versiones!DE5,"AAAAAD/D2mA=") -> #VALUE! | CT11: =AND(Versiones!DF5,"AAAAAD/D2mE=") -> #VALUE! | CU11: =AND(Versiones!DG5,"AAAAAD/D2mI=") -> #VALUE! | CV11: =AND(Versiones!DH5,"AAAAAD/D2mM=") -> #VALUE! | CW11: =AND(Versiones!DI5,"AAAAAD/D2mQ=") -> #VALUE! | CX11: =AND(Versiones!DJ5,"AAAAAD/D2mU=") -> #VALUE! | CY11: =AND(Versiones!DK5,"AAAAAD/D2mY=") -> #VALUE! | CZ11: =AND(Versiones!DL5,"AAAAAD/D2mc=") -> #VALUE! | DA11: =AND(Versiones!DM5,"AAAAAD/D2mg=") -> #VALUE! | DB11: =AND(Versiones!DN5,"AAAAAD/D2mk=") -> #VALUE! | DC11: =AND(Versiones!DO5,"AAAAAD/D2mo=") -> #VALUE! | DD11: =AND(Versiones!DP5,"AAAAAD/D2ms=") -> #VALUE! | DE11: =AND(Versiones!DQ5,"AAAAAD/D2mw=") -> #VALUE! | DF11: =AND(Versiones!DR5,"AAAAAD/D2m0=") -> #VALUE! | DG11: =AND(Versiones!DS5,"AAAAAD/D2m4=") -> #VALUE! | DH11: =AND(Versiones!DT5,"AAAAAD/D2m8=") -> #VALUE! | DI11: =AND(Versiones!DU5,"AAAAAD/D2nA=") -> #VALUE! | DJ11: =AND(Versiones!DV5,"AAAAAD/D2nE=") -> #VALUE! | DK11: =AND(Versiones!DW5,"AAAAAD/D2nI=") -> #VALUE! | DL11: =AND(Versiones!DX5,"AAAAAD/D2nM=") -> #VALUE! | DM11: =AND(Versiones!DY5,"AAAAAD/D2nQ=") -> #VALUE! | DN11: =AND(Versiones!DZ5,"AAAAAD/D2nU=") -> #VALUE! | DO11: =AND(Versiones!EA5,"AAAAAD/D2nY=") -> #VALUE! | DP11: =AND(Versiones!EB5,"AAAAAD/D2nc=") -> #VALUE! | DQ11: =AND(Versiones!EC5,"AAAAAD/D2ng=") -> #VALUE! | DR11: =AND(Versiones!ED5,"AAAAAD/D2nk=") -> #VALUE! | DS11: =AND(Versiones!EE5,"AAAAAD/D2no=") -> #VALUE! | DT11: =AND(Versiones!EF5,"AAAAAD/D2ns=") -> #VALUE! | DU11: =AND(Versiones!EG5,"AAAAAD/D2nw=") -> #VALUE! | DV11: =AND(Versiones!EH5,"AAAAAD/D2n0=") -> #VALUE! | DW11: =AND(Versiones!EI5,"AAAAAD/D2n4=") -> #VALUE! | DX11: =AND(Versiones!EJ5,"AAAAAD/D2n8=") -> #VALUE! | DY11: =AND(Versiones!EK5,"AAAAAD/D2oA=") -> #VALUE! | DZ11: =AND(Versiones!EL5,"AAAAAD/D2oE=") -> #VALUE! | EA11: =AND(Versiones!EM5,"AAAAAD/D2oI=") -> #VALUE! | EB11: =AND(Versiones!EN5,"AAAAAD/D2oM=") -> #VALUE! | EC11: =AND(Versiones!EO5,"AAAAAD/D2oQ=") -> #VALUE! | ED11: =AND(Versiones!EP5,"AAAAAD/D2oU=") -> #VALUE! | EE11: =AND(Versiones!EQ5,"AAAAAD/D2oY=") -> #VALUE! | EF11: =AND(Versiones!ER5,"AAAAAD/D2oc=") -> #VALUE! | EG11: =AND(Versiones!ES5,"AAAAAD/D2og=") -> #VALUE! | EH11: =AND(Versiones!ET5,"AAAAAD/D2ok=") -> #VALUE! | EI11: =AND(Versiones!EU5,"AAAAAD/D2oo=") -> #VALUE! | EJ11: =AND(Versiones!EV5,"AAAAAD/D2os=") -> #VALUE! | EK11: =AND(Versiones!EW5,"AAAAAD/D2ow=") -> #VALUE! | EL11: =AND(Versiones!EX5,"AAAAAD/D2o0=") -> #VALUE! | EM11: =AND(Versiones!EY5,"AAAAAD/D2o4=") -> #VALUE! | EN11: =AND(Versiones!EZ5,"AAAAAD/D2o8=") -> #VALUE! | EO11: =AND(Versiones!FA5,"AAAAAD/D2pA=") -> #VALUE! | EP11: =AND(Versiones!FB5,"AAAAAD/D2pE=") -> #VALUE! | EQ11: =AND(Versiones!FC5,"AAAAAD/D2pI=") -> #VALUE! | ER11: =AND(Versiones!FD5,"AAAAAD/D2pM=") -> #VALUE! | ES11: =AND(Versiones!FE5,"AAAAAD/D2pQ=") -> #VALUE! | ET11: =AND(Versiones!FF5,"AAAAAD/D2pU=") -> #VALUE! | EU11: =AND(Versiones!FG5,"AAAAAD/D2pY=") -> #VALUE! | EV11: =AND(Versiones!FH5,"AAAAAD/D2pc=") -> #VALUE! | EW11: =AND(Versiones!FI5,"AAAAAD/D2pg=") -> #VALUE! | EX11: =AND(Versiones!FJ5,"AAAAAD/D2pk=") -> #VALUE! | EY11: =AND(Versiones!FK5,"AAAAAD/D2po=") -> #VALUE! | EZ11: =AND(Versiones!FL5,"AAAAAD/D2ps=") -> #VALUE! | FA11: =AND(Versiones!FM5,"AAAAAD/D2pw=") -> #VALUE! | FB11: =AND(Versiones!FN5,"AAAAAD/D2p0=") -> #VALUE! | FC11: =AND(Versiones!FO5,"AAAAAD/D2p4=") -> #VALUE! | FD11: =AND(Versiones!FP5,"AAAAAD/D2p8=") -> #VALUE! | FE11: =AND(Versiones!FQ5,"AAAAAD/D2qA=") -> #VALUE! | FF11: =AND(Versiones!FR5,"AAAAAD/D2qE=") -> #VALUE! | FG11: =AND(Versiones!FS5,"AAAAAD/D2qI=") -> #VALUE! | FH11: =AND(Versiones!FT5,"AAAAAD/D2qM=") -> #VALUE! | FI11: =AND(Versiones!FU5,"AAAAAD/D2qQ=") -> #VALUE! | FJ11: =AND(Versiones!FV5,"AAAAAD/D2qU=") -> #VALUE! | FK11: =AND(Versiones!FW5,"AAAAAD/D2qY=") -> #VALUE! | FL11: =AND(Versiones!FX5,"AAAAAD/D2qc=") -> #VALUE! | FM11: =AND(Versiones!FY5,"AAAAAD/D2qg=") -> #VALUE! | FN11: =AND(Versiones!FZ5,"AAAAAD/D2qk=") -> #VALUE! | FO11: =AND(Versiones!GA5,"AAAAAD/D2qo=") -> #VALUE! | FP11: =AND(Versiones!GB5,"AAAAAD/D2qs=") -> #VALUE! | FQ11: =AND(Versiones!GC5,"AAAAAD/D2qw=") -> #VALUE! | FR11: =AND(Versiones!GD5,"AAAAAD/D2q0=") -> #VALUE! | FS11: =AND(Versiones!GE5,"AAAAAD/D2q4=") -> #VALUE! | FT11: =AND(Versiones!GF5,"AAAAAD/D2q8=") -> #VALUE! | FU11: =AND(Versiones!GG5,"AAAAAD/D2rA=") -> #VALUE! | FV11: =AND(Versiones!GH5,"AAAAAD/D2rE=") -> #VALUE! | FW11: =AND(Versiones!GI5,"AAAAAD/D2rI=") -> #VALUE! | FX11: =AND(Versiones!GJ5,"AAAAAD/D2rM=") -> #VALUE! | FY11: =AND(Versiones!GK5,"AAAAAD/D2rQ=") -> #VALUE! | FZ11: =AND(Versiones!GL5,"AAAAAD/D2rU=") -> #VALUE! | GA11: =AND(Versiones!GM5,"AAAAAD/D2rY=") -> #VALUE! | GB11: =AND(Versiones!GN5,"AAAAAD/D2rc=") -> #VALUE! | GC11: =AND(Versiones!GO5,"AAAAAD/D2rg=") -> #VALUE! | GD11: =AND(Versiones!GP5,"AAAAAD/D2rk=") -> #VALUE! | GE11: =AND(Versiones!GQ5,"AAAAAD/D2ro=") -> #VALUE! | GF11: =AND(Versiones!GR5,"AAAAAD/D2rs=") -> #VALUE! | GG11: =AND(Versiones!GS5,"AAAAAD/D2rw=") -> #VALUE! | GH11: =AND(Versiones!GT5,"AAAAAD/D2r0=") -> #VALUE! | GI11: =AND(Versiones!GU5,"AAAAAD/D2r4=") -> #VALUE! | GJ11: =AND(Versiones!GV5,"AAAAAD/D2r8=") -> #VALUE! | GK11: =AND(Versiones!GW5,"AAAAAD/D2sA=") -> #VALUE! | GL11: =AND(Versiones!GX5,"AAAAAD/D2sE=") -> #VALUE! | GM11: =AND(Versiones!GY5,"AAAAAD/D2sI=") -> #VALUE! | GN11: =AND(Versiones!GZ5,"AAAAAD/D2sM=") -> #VALUE! | GO11: =AND(Versiones!HA5,"AAAAAD/D2sQ=") -> #VALUE! | GP11: =AND(Versiones!HB5,"AAAAAD/D2sU=") -> #VALUE! | GQ11: =AND(Versiones!HC5,"AAAAAD/D2sY=") -> #VALUE! | GR11: =AND(Versiones!HD5,"AAAAAD/D2sc=") -> #VALUE! | GS11: =AND(Versiones!HE5,"AAAAAD/D2sg=") -> #VALUE! | GT11: =AND(Versiones!HF5,"AAAAAD/D2sk=") -> #VALUE! | GU11: =AND(Versiones!HG5,"AAAAAD/D2so=") -> #VALUE! | GV11: =AND(Versiones!HH5,"AAAAAD/D2ss=") -> #VALUE! | GW11: =AND(Versiones!HI5,"AAAAAD/D2sw=") -> #VALUE! | GX11: =IF(Versiones!6:6,"AAAAAD/D2s0=",0) -> 0 | GY11: =AND(Versiones!A6,"AAAAAD/D2s4=") -> #VALUE! | GZ11: =AND(Versiones!B6,"AAAAAD/D2s8=") -> #VALUE! | HA11: =AND(Versiones!C6,"AAAAAD/D2tA=") -> #VALUE! | HB11: =AND(Versiones!D6,"AAAAAD/D2tE=") -> #VALUE! | HC11: =AND(Versiones!E6,"AAAAAD/D2tI=") -> #VALUE! | HD11: =AND(Versiones!F6,"AAAAAD/D2tM=") -> #VALUE! | HE11: =AND(Versiones!#REF!,"AAAAAD/D2tQ=") -> #REF! | HF11: =AND(Versiones!G6,"AAAAAD/D2tU=") -> #VALUE! | HG11: =AND(Versiones!H6,"AAAAAD/D2tY=") -> #VALUE! | HH11: =AND(Versiones!I6,"AAAAAD/D2tc=") -> #VALUE! | HI11: =AND(Versiones!J6,"AAAAAD/D2tg=") -> #VALUE! | HJ11: =AND(Versiones!K6,"AAAAAD/D2tk=") -> #VALUE! | HK11: =AND(Versiones!L6,"AAAAAD/D2to=") -> #VALUE! | HL11: =AND(Versiones!M6,"AAAAAD/D2ts=") -> #VALUE! | HM11: =AND(Versiones!N6,"AAAAAD/D2tw=") -> #VALUE! | HN11: =AND(Versiones!O6,"AAAAAD/D2t0=") -> #VALUE! | HO11: =AND(Versiones!P6,"AAAAAD/D2t4=") -> #VALUE! | HP11: =AND(Versiones!Q6,"AAAAAD/D2t8=") -> #VALUE! | HQ11: =AND(Versiones!R6,"AAAAAD/D2uA=") -> #VALUE! | HR11: =AND(Versiones!S6,"AAAAAD/D2uE=") -> #VALUE! | HS11: =AND(Versiones!T6,"AAAAAD/D2uI=") -> #VALUE! | HT11: =AND(Versiones!U6,"AAAAAD/D2uM=") -> #VALUE! | HU11: =AND(Versiones!V6,"AAAAAD/D2uQ=") -> #VALUE! | HV11: =AND(Versiones!W6,"AAAAAD/D2uU=") -> #VALUE! | HW11: =AND(Versiones!X6,"AAAAAD/D2uY=") -> #VALUE! | HX11: =AND(Versiones!Y6,"AAAAAD/D2uc=") -> #VALUE! | HY11: =AND(Versiones!Z6,"AAAAAD/D2ug=") -> #VALUE! | HZ11: =AND(Versiones!AA6,"AAAAAD/D2uk=") -> #VALUE! | IA11: =AND(Versiones!AB6,"AAAAAD/D2uo=") -> #VALUE! | IB11: =AND(Versiones!AC6,"AAAAAD/D2us=") -> #VALUE! | IC11: =AND(Versiones!AD6,"AAAAAD/D2uw=") -> #VALUE! | ID11: =AND(Versiones!AE6,"AAAAAD/D2u0=") -> #VALUE! | IE11: =AND(Versiones!AF6,"AAAAAD/D2u4=") -> #VALUE! | IF11: =AND(Versiones!AG6,"AAAAAD/D2u8=") -> #VALUE! | IG11: =AND(Versiones!AH6,"AAAAAD/D2vA=") -> #VALUE! | IH11: =AND(Versiones!AI6,"AAAAAD/D2vE=") -> #VALUE! | II11: =AND(Versiones!AJ6,"AAAAAD/D2vI=") -> #VALUE! | IJ11: =AND(Versiones!AK6,"AAAAAD/D2vM=") -> #VALUE! | IK11: =AND(Versiones!AL6,"AAAAAD/D2vQ=") -> #VALUE! | IL11: =AND(Versiones!AM6,"AAAAAD/D2vU=") -> #VALUE! | IM11: =AND(Versiones!AN6,"AAAAAD/D2vY=") -> #VALUE! | IN11: =AND(Versiones!AO6,"AAAAAD/D2vc=") -> #VALUE! | IO11: =AND(Versiones!AP6,"AAAAAD/D2vg=") -> #VALUE! | IP11: =AND(Versiones!AQ6,"AAAAAD/D2vk=") -> #VALUE! | IQ11: =AND(Versiones!AR6,"AAAAAD/D2vo=") -> #VALUE! | IR11: =AND(Versiones!AS6,"AAAAAD/D2vs=") -> #VALUE! | IS11: =AND(Versiones!AT6,"AAAAAD/D2vw=") -> #VALUE! | IT11: =AND(Versiones!AU6,"AAAAAD/D2v0=") -> #VALUE! | IU11: =AND(Versiones!AV6,"AAAAAD/D2v4=") -> #VALUE! | IV11: =AND(Versiones!AW6,"AAAAAD/D2v8=") -> #VALUE!
A12: =AND(Versiones!AX6,"AAAAAD7r/wA=") -> #VALUE! | B12: =AND(Versiones!AY6,"AAAAAD7r/wE=") -> #VALUE! | C12: =AND(Versiones!AZ6,"AAAAAD7r/wI=") -> #VALUE! | D12: =AND(Versiones!BA6,"AAAAAD7r/wM=") -> #VALUE! | E12: =AND(Versiones!BB6,"AAAAAD7r/wQ=") -> #VALUE! | F12: =AND(Versiones!BC6,"AAAAAD7r/wU=") -> #VALUE! | G12: =AND(Versiones!BD6,"AAAAAD7r/wY=") -> #VALUE! | H12: =AND(Versiones!BE6,"AAAAAD7r/wc=") -> #VALUE! | I12: =AND(Versiones!BF6,"AAAAAD7r/wg=") -> #VALUE! | J12: =AND(Versiones!BG6,"AAAAAD7r/wk=") -> #VALUE! | K12: =AND(Versiones!BH6,"AAAAAD7r/wo=") -> #VALUE! | L12: =AND(Versiones!BI6,"AAAAAD7r/ws=") -> #VALUE! | M12: =AND(Versiones!BJ6,"AAAAAD7r/ww=") -> #VALUE! | N12: =AND(Versiones!BK6,"AAAAAD7r/w0=") -> #VALUE! | O12: =AND(Versiones!BL6,"AAAAAD7r/w4=") -> #VALUE! | P12: =AND(Versiones!BM6,"AAAAAD7r/w8=") -> #VALUE! | Q12: =AND(Versiones!BN6,"AAAAAD7r/xA=") -> #VALUE! | R12: =AND(Versiones!BO6,"AAAAAD7r/xE=") -> #VALUE! | S12: =AND(Versiones!BP6,"AAAAAD7r/xI=") -> #VALUE! | T12: =AND(Versiones!BQ6,"AAAAAD7r/xM=") -> #VALUE! | U12: =AND(Versiones!BR6,"AAAAAD7r/xQ=") -> #VALUE! | V12: =AND(Versiones!BS6,"AAAAAD7r/xU=") -> #VALUE! | W12: =AND(Versiones!BT6,"AAAAAD7r/xY=") -> #VALUE! | X12: =AND(Versiones!BU6,"AAAAAD7r/xc=") -> #VALUE! | Y12: =AND(Versiones!BV6,"AAAAAD7r/xg=") -> #VALUE! | Z12: =AND(Versiones!BW6,"AAAAAD7r/xk=") -> #VALUE! | AA12: =AND(Versiones!BX6,"AAAAAD7r/xo=") -> #VALUE! | AB12: =AND(Versiones!BY6,"AAAAAD7r/xs=") -> #VALUE! | AC12: =AND(Versiones!BZ6,"AAAAAD7r/xw=") -> #VALUE! | AD12: =AND(Versiones!CA6,"AAAAAD7r/x0=") -> #VALUE! | AE12: =AND(Versiones!CB6,"AAAAAD7r/x4=") -> #VALUE! | AF12: =AND(Versiones!CC6,"AAAAAD7r/x8=") -> #VALUE! | AG12: =AND(Versiones!CD6,"AAAAAD7r/yA=") -> #VALUE! | AH12: =AND(Versiones!CE6,"AAAAAD7r/yE=") -> #VALUE! | AI12: =AND(Versiones!CF6,"AAAAAD7r/yI=") -> #VALUE! | AJ12: =AND(Versiones!CG6,"AAAAAD7r/yM=") -> #VALUE! | AK12: =AND(Versiones!CH6,"AAAAAD7r/yQ=") -> #VALUE! | AL12: =AND(Versiones!CI6,"AAAAAD7r/yU=") -> #VALUE! | AM12: =AND(Versiones!CJ6,"AAAAAD7r/yY=") -> #VALUE! | AN12: =AND(Versiones!CK6,"AAAAAD7r/yc=") -> #VALUE! | AO12: =AND(Versiones!CL6,"AAAAAD7r/yg=") -> #VALUE! | AP12: =AND(Versiones!CM6,"AAAAAD7r/yk=") -> #VALUE! | AQ12: =AND(Versiones!CN6,"AAAAAD7r/yo=") -> #VALUE! | AR12: =AND(Versiones!CO6,"AAAAAD7r/ys=") -> #VALUE! | AS12: =AND(Versiones!CP6,"AAAAAD7r/yw=") -> #VALUE! | AT12: =AND(Versiones!CQ6,"AAAAAD7r/y0=") -> #VALUE! | AU12: =AND(Versiones!CR6,"AAAAAD7r/y4=") -> #VALUE! | AV12: =AND(Versiones!CS6,"AAAAAD7r/y8=") -> #VALUE! | AW12: =AND(Versiones!CT6,"AAAAAD7r/zA=") -> #VALUE! | AX12: =AND(Versiones!CU6,"AAAAAD7r/zE=") -> #VALUE! | AY12: =AND(Versiones!CV6,"AAAAAD7r/zI=") -> #VALUE! | AZ12: =AND(Versiones!CW6,"AAAAAD7r/zM=") -> #VALUE! | BA12: =AND(Versiones!CX6,"AAAAAD7r/zQ=") -> #VALUE! | BB12: =AND(Versiones!CY6,"AAAAAD7r/zU=") -> #VALUE! | BC12: =AND(Versiones!CZ6,"AAAAAD7r/zY=") -> #VALUE! | BD12: =AND(Versiones!DA6,"AAAAAD7r/zc=") -> #VALUE! | BE12: =AND(Versiones!DB6,"AAAAAD7r/zg=") -> #VALUE! | BF12: =AND(Versiones!DC6,"AAAAAD7r/zk=") -> #VALUE! | BG12: =AND(Versiones!DD6,"AAAAAD7r/zo=") -> #VALUE! | BH12: =AND(Versiones!DE6,"AAAAAD7r/zs=") -> #VALUE! | BI12: =AND(Versiones!DF6,"AAAAAD7r/zw=") -> #VALUE! | BJ12: =AND(Versiones!DG6,"AAAAAD7r/z0=") -> #VALUE! | BK12: =AND(Versiones!DH6,"AAAAAD7r/z4=") -> #VALUE! | BL12: =AND(Versiones!DI6,"AAAAAD7r/z8=") -> #VALUE! | BM12: =AND(Versiones!DJ6,"AAAAAD7r/0A=") -> #VALUE! | BN12: =AND(Versiones!DK6,"AAAAAD7r/0E=") -> #VALUE! | BO12: =AND(Versiones!DL6,"AAAAAD7r/0I=") -> #VALUE! | BP12: =AND(Versiones!DM6,"AAAAAD7r/0M=") -> #VALUE! | BQ12: =AND(Versiones!DN6,"AAAAAD7r/0Q=") -> #VALUE! | BR12: =AND(Versiones!DO6,"AAAAAD7r/0U=") -> #VALUE! | BS12: =AND(Versiones!DP6,"AAAAAD7r/0Y=") -> #VALUE! | BT12: =AND(Versiones!DQ6,"AAAAAD7r/0c=") -> #VALUE! | BU12: =AND(Versiones!DR6,"AAAAAD7r/0g=") -> #VALUE! | BV12: =AND(Versiones!DS6,"AAAAAD7r/0k=") -> #VALUE! | BW12: =AND(Versiones!DT6,"AAAAAD7r/0o=") -> #VALUE! | BX12: =AND(Versiones!DU6,"AAAAAD7r/0s=") -> #VALUE! | BY12: =AND(Versiones!DV6,"AAAAAD7r/0w=") -> #VALUE! | BZ12: =AND(Versiones!DW6,"AAAAAD7r/00=") -> #VALUE! | CA12: =AND(Versiones!DX6,"AAAAAD7r/04=") -> #VALUE! | CB12: =AND(Versiones!DY6,"AAAAAD7r/08=") -> #VALUE! | CC12: =AND(Versiones!DZ6,"AAAAAD7r/1A=") -> #VALUE! | CD12: =AND(Versiones!EA6,"AAAAAD7r/1E=") -> #VALUE! | CE12: =AND(Versiones!EB6,"AAAAAD7r/1I=") -> #VALUE! | CF12: =AND(Versiones!EC6,"AAAAAD7r/1M=") -> #VALUE! | CG12: =AND(Versiones!ED6,"AAAAAD7r/1Q=") -> #VALUE! | CH12: =AND(Versiones!EE6,"AAAAAD7r/1U=") -> #VALUE! | CI12: =AND(Versiones!EF6,"AAAAAD7r/1Y=") -> #VALUE! | CJ12: =AND(Versiones!EG6,"AAAAAD7r/1c=") -> #VALUE! | CK12: =AND(Versiones!EH6,"AAAAAD7r/1g=") -> #VALUE! | CL12: =AND(Versiones!EI6,"AAAAAD7r/1k=") -> #VALUE! | CM12: =AND(Versiones!EJ6,"AAAAAD7r/1o=") -> #VALUE! | CN12: =AND(Versiones!EK6,"AAAAAD7r/1s=") -> #VALUE! | CO12: =AND(Versiones!EL6,"AAAAAD7r/1w=") -> #VALUE! | CP12: =AND(Versiones!EM6,"AAAAAD7r/10=") -> #VALUE! | CQ12: =AND(Versiones!EN6,"AAAAAD7r/14=") -> #VALUE! | CR12: =AND(Versiones!EO6,"AAAAAD7r/18=") -> #VALUE! | CS12: =AND(Versiones!EP6,"AAAAAD7r/2A=") -> #VALUE! | CT12: =AND(Versiones!EQ6,"AAAAAD7r/2E=") -> #VALUE! | CU12: =AND(Versiones!ER6,"AAAAAD7r/2I=") -> #VALUE! | CV12: =AND(Versiones!ES6,"AAAAAD7r/2M=") -> #VALUE! | CW12: =AND(Versiones!ET6,"AAAAAD7r/2Q=") -> #VALUE! | CX12: =AND(Versiones!EU6,"AAAAAD7r/2U=") -> #VALUE! | CY12: =AND(Versiones!EV6,"AAAAAD7r/2Y=") -> #VALUE! | CZ12: =AND(Versiones!EW6,"AAAAAD7r/2c=") -> #VALUE! | DA12: =AND(Versiones!EX6,"AAAAAD7r/2g=") -> #VALUE! | DB12: =AND(Versiones!EY6,"AAAAAD7r/2k=") -> #VALUE! | DC12: =AND(Versiones!EZ6,"AAAAAD7r/2o=") -> #VALUE! | DD12: =AND(Versiones!FA6,"AAAAAD7r/2s=") -> #VALUE! | DE12: =AND(Versiones!FB6,"AAAAAD7r/2w=") -> #VALUE! | DF12: =AND(Versiones!FC6,"AAAAAD7r/20=") -> #VALUE! | DG12: =AND(Versiones!FD6,"AAAAAD7r/24=") -> #VALUE! | DH12: =AND(Versiones!FE6,"AAAAAD7r/28=") -> #VALUE! | DI12: =AND(Versiones!FF6,"AAAAAD7r/3A=") -> #VALUE! | DJ12: =AND(Versiones!FG6,"AAAAAD7r/3E=") -> #VALUE! | DK12: =AND(Versiones!FH6,"AAAAAD7r/3I=") -> #VALUE! | DL12: =AND(Versiones!FI6,"AAAAAD7r/3M=") -> #VALUE! | DM12: =AND(Versiones!FJ6,"AAAAAD7r/3Q=") -> #VALUE! | DN12: =AND(Versiones!FK6,"AAAAAD7r/3U=") -> #VALUE! | DO12: =AND(Versiones!FL6,"AAAAAD7r/3Y=") -> #VALUE! | DP12: =AND(Versiones!FM6,"AAAAAD7r/3c=") -> #VALUE! | DQ12: =AND(Versiones!FN6,"AAAAAD7r/3g=") -> #VALUE! | DR12: =AND(Versiones!FO6,"AAAAAD7r/3k=") -> #VALUE! | DS12: =AND(Versiones!FP6,"AAAAAD7r/3o=") -> #VALUE! | DT12: =AND(Versiones!FQ6,"AAAAAD7r/3s=") -> #VALUE! | DU12: =AND(Versiones!FR6,"AAAAAD7r/3w=") -> #VALUE! | DV12: =AND(Versiones!FS6,"AAAAAD7r/30=") -> #VALUE! | DW12: =AND(Versiones!FT6,"AAAAAD7r/34=") -> #VALUE! | DX12: =AND(Versiones!FU6,"AAAAAD7r/38=") -> #VALUE! | DY12: =AND(Versiones!FV6,"AAAAAD7r/4A=") -> #VALUE! | DZ12: =AND(Versiones!FW6,"AAAAAD7r/4E=") -> #VALUE! | EA12: =AND(Versiones!FX6,"AAAAAD7r/4I=") -> #VALUE! | EB12: =AND(Versiones!FY6,"AAAAAD7r/4M=") -> #VALUE! | EC12: =AND(Versiones!FZ6,"AAAAAD7r/4Q=") -> #VALUE! | ED12: =AND(Versiones!GA6,"AAAAAD7r/4U=") -> #VALUE! | EE12: =AND(Versiones!GB6,"AAAAAD7r/4Y=") -> #VALUE! | EF12: =AND(Versiones!GC6,"AAAAAD7r/4c=") -> #VALUE! | EG12: =AND(Versiones!GD6,"AAAAAD7r/4g=") -> #VALUE! | EH12: =AND(Versiones!GE6,"AAAAAD7r/4k=") -> #VALUE! | EI12: =AND(Versiones!GF6,"AAAAAD7r/4o=") -> #VALUE! | EJ12: =AND(Versiones!GG6,"AAAAAD7r/4s=") -> #VALUE! | EK12: =AND(Versiones!GH6,"AAAAAD7r/4w=") -> #VALUE! | EL12: =AND(Versiones!GI6,"AAAAAD7r/40=") -> #VALUE! | EM12: =AND(Versiones!GJ6,"AAAAAD7r/44=") -> #VALUE! | EN12: =AND(Versiones!GK6,"AAAAAD7r/48=") -> #VALUE! | EO12: =AND(Versiones!GL6,"AAAAAD7r/5A=") -> #VALUE! | EP12: =AND(Versiones!GM6,"AAAAAD7r/5E=") -> #VALUE! | EQ12: =AND(Versiones!GN6,"AAAAAD7r/5I=") -> #VALUE! | ER12: =AND(Versiones!GO6,"AAAAAD7r/5M=") -> #VALUE! | ES12: =AND(Versiones!GP6,"AAAAAD7r/5Q=") -> #VALUE! | ET12: =AND(Versiones!GQ6,"AAAAAD7r/5U=") -> #VALUE! | EU12: =AND(Versiones!GR6,"AAAAAD7r/5Y=") -> #VALUE! | EV12: =AND(Versiones!GS6,"AAAAAD7r/5c=") -> #VALUE! | EW12: =AND(Versiones!GT6,"AAAAAD7r/5g=") -> #VALUE! | EX12: =AND(Versiones!GU6,"AAAAAD7r/5k=") -> #VALUE! | EY12: =AND(Versiones!GV6,"AAAAAD7r/5o=") -> #VALUE! | EZ12: =AND(Versiones!GW6,"AAAAAD7r/5s=") -> #VALUE! | FA12: =AND(Versiones!GX6,"AAAAAD7r/5w=") -> #VALUE! | FB12: =AND(Versiones!GY6,"AAAAAD7r/50=") -> #VALUE! | FC12: =AND(Versiones!GZ6,"AAAAAD7r/54=") -> #VALUE! | FD12: =AND(Versiones!HA6,"AAAAAD7r/58=") -> #VALUE! | FE12: =AND(Versiones!HB6,"AAAAAD7r/6A=") -> #VALUE! | FF12: =AND(Versiones!HC6,"AAAAAD7r/6E=") -> #VALUE! | FG12: =AND(Versiones!HD6,"AAAAAD7r/6I=") -> #VALUE! | FH12: =AND(Versiones!HE6,"AAAAAD7r/6M=") -> #VALUE! | FI12: =AND(Versiones!HF6,"AAAAAD7r/6Q=") -> #VALUE! | FJ12: =AND(Versiones!HG6,"AAAAAD7r/6U=") -> #VALUE! | FK12: =AND(Versiones!HH6,"AAAAAD7r/6Y=") -> #VALUE! | FL12: =AND(Versiones!HI6,"AAAAAD7r/6c=") -> #VALUE! | FM12: =IF(Versiones!7:7,"AAAAAD7r/6g=",0) -> 0 | FN12: =AND(Versiones!A7,"AAAAAD7r/6k=") -> #VALUE! | FO12: =AND(Versiones!B7,"AAAAAD7r/6o=") -> #VALUE! | FP12: =AND(Versiones!C7,"AAAAAD7r/6s=") -> #VALUE! | FQ12: =AND(Versiones!D7,"AAAAAD7r/6w=") -> #VALUE! | FR12: =AND(Versiones!E7,"AAAAAD7r/60=") -> #VALUE! | FS12: =AND(Versiones!F7,"AAAAAD7r/64=") -> #VALUE! | FT12: =AND(Versiones!#REF!,"AAAAAD7r/68=") -> #REF! | FU12: =AND(Versiones!G7,"AAAAAD7r/7A=") -> #VALUE! | FV12: =AND(Versiones!H7,"AAAAAD7r/7E=") -> #VALUE! | FW12: =AND(Versiones!I7,"AAAAAD7r/7I=") -> #VALUE! | FX12: =AND(Versiones!J7,"AAAAAD7r/7M=") -> #VALUE! | FY12: =AND(Versiones!K7,"AAAAAD7r/7Q=") -> #VALUE! | FZ12: =AND(Versiones!L7,"AAAAAD7r/7U=") -> #VALUE! | GA12: =AND(Versiones!M7,"AAAAAD7r/7Y=") -> #VALUE! | GB12: =AND(Versiones!N7,"AAAAAD7r/7c=") -> #VALUE! | GC12: =AND(Versiones!O7,"AAAAAD7r/7g=") -> #VALUE! | GD12: =AND(Versiones!P7,"AAAAAD7r/7k=") -> #VALUE! | GE12: =AND(Versiones!Q7,"AAAAAD7r/7o=") -> #VALUE! | GF12: =AND(Versiones!R7,"AAAAAD7r/7s=") -> #VALUE! | GG12: =AND(Versiones!S7,"AAAAAD7r/7w=") -> #VALUE! | GH12: =AND(Versiones!T7,"AAAAAD7r/70=") -> #VALUE! | GI12: =AND(Versiones!U7,"AAAAAD7r/74=") -> #VALUE! | GJ12: =AND(Versiones!V7,"AAAAAD7r/78=") -> #VALUE! | GK12: =AND(Versiones!W7,"AAAAAD7r/8A=") -> #VALUE! | GL12: =AND(Versiones!X7,"AAAAAD7r/8E=") -> #VALUE! | GM12: =AND(Versiones!Y7,"AAAAAD7r/8I=") -> #VALUE! | GN12: =AND(Versiones!Z7,"AAAAAD7r/8M=") -> #VALUE! | GO12: =AND(Versiones!AA7,"AAAAAD7r/8Q=") -> #VALUE! | GP12: =AND(Versiones!AB7,"AAAAAD7r/8U=") -> #VALUE! | GQ12: =AND(Versiones!AC7,"AAAAAD7r/8Y=") -> #VALUE! | GR12: =AND(Versiones!AD7,"AAAAAD7r/8c=") -> #VALUE! | GS12: =AND(Versiones!AE7,"AAAAAD7r/8g=") -> #VALUE! | GT12: =AND(Versiones!AF7,"AAAAAD7r/8k=") -> #VALUE! | GU12: =AND(Versiones!AG7,"AAAAAD7r/8o=") -> #VALUE! | GV12: =AND(Versiones!AH7,"AAAAAD7r/8s=") -> #VALUE! | GW12: =AND(Versiones!AI7,"AAAAAD7r/8w=") -> #VALUE! | GX12: =AND(Versiones!AJ7,"AAAAAD7r/80=") -> #VALUE! | GY12: =AND(Versiones!AK7,"AAAAAD7r/84=") -> #VALUE! | GZ12: =AND(Versiones!AL7,"AAAAAD7r/88=") -> #VALUE! | HA12: =AND(Versiones!AM7,"AAAAAD7r/9A=") -> #VALUE! | HB12: =AND(Versiones!AN7,"AAAAAD7r/9E=") -> #VALUE! | HC12: =AND(Versiones!AO7,"AAAAAD7r/9I=") -> #VALUE! | HD12: =AND(Versiones!AP7,"AAAAAD7r/9M=") -> #VALUE! | HE12: =AND(Versiones!AQ7,"AAAAAD7r/9Q=") -> #VALUE! | HF12: =AND(Versiones!AR7,"AAAAAD7r/9U=") -> #VALUE! | HG12: =AND(Versiones!AS7,"AAAAAD7r/9Y=") -> #VALUE! | HH12: =AND(Versiones!AT7,"AAAAAD7r/9c=") -> #VALUE! | HI12: =AND(Versiones!AU7,"AAAAAD7r/9g=") -> #VALUE! | HJ12: =AND(Versiones!AV7,"AAAAAD7r/9k=") -> #VALUE! | HK12: =AND(Versiones!AW7,"AAAAAD7r/9o=") -> #VALUE! | HL12: =AND(Versiones!AX7,"AAAAAD7r/9s=") -> #VALUE! | HM12: =AND(Versiones!AY7,"AAAAAD7r/9w=") -> #VALUE! | HN12: =AND(Versiones!AZ7,"AAAAAD7r/90=") -> #VALUE! | HO12: =AND(Versiones!BA7,"AAAAAD7r/94=") -> #VALUE! | HP12: =AND(Versiones!BB7,"AAAAAD7r/98=") -> #VALUE! | HQ12: =AND(Versiones!BC7,"AAAAAD7r/+A=") -> #VALUE! | HR12: =AND(Versiones!BD7,"AAAAAD7r/+E=") -> #VALUE! | HS12: =AND(Versiones!BE7,"AAAAAD7r/+I=") -> #VALUE! | HT12: =AND(Versiones!BF7,"AAAAAD7r/+M=") -> #VALUE! | HU12: =AND(Versiones!BG7,"AAAAAD7r/+Q=") -> #VALUE! | HV12: =AND(Versiones!BH7,"AAAAAD7r/+U=") -> #VALUE! | HW12: =AND(Versiones!BI7,"AAAAAD7r/+Y=") -> #VALUE! | HX12: =AND(Versiones!BJ7,"AAAAAD7r/+c=") -> #VALUE! | HY12: =AND(Versiones!BK7,"AAAAAD7r/+g=") -> #VALUE! | HZ12: =AND(Versiones!BL7,"AAAAAD7r/+k=") -> #VALUE! | IA12: =AND(Versiones!BM7,"AAAAAD7r/+o=") -> #VALUE! | IB12: =AND(Versiones!BN7,"AAAAAD7r/+s=") -> #VALUE! | IC12: =AND(Versiones!BO7,"AAAAAD7r/+w=") -> #VALUE! | ID12: =AND(Versiones!BP7,"AAAAAD7r/+0=") -> #VALUE! | IE12: =AND(Versiones!BQ7,"AAAAAD7r/+4=") -> #VALUE! | IF12: =AND(Versiones!BR7,"AAAAAD7r/+8=") -> #VALUE! | IG12: =AND(Versiones!BS7,"AAAAAD7r//A=") -> #VALUE! | IH12: =AND(Versiones!BT7,"AAAAAD7r//E=") -> #VALUE! | II12: =AND(Versiones!BU7,"AAAAAD7r//I=") -> #VALUE! | IJ12: =AND(Versiones!BV7,"AAAAAD7r//M=") -> #VALUE! | IK12: =AND(Versiones!BW7,"AAAAAD7r//Q=") -> #VALUE! | IL12: =AND(Versiones!BX7,"AAAAAD7r//U=") -> #VALUE! | IM12: =AND(Versiones!BY7,"AAAAAD7r//Y=") -> #VALUE! | IN12: =AND(Versiones!BZ7,"AAAAAD7r//c=") -> #VALUE! | IO12: =AND(Versiones!CA7,"AAAAAD7r//g=") -> #VALUE! | IP12: =AND(Versiones!CB7,"AAAAAD7r//k=") -> #VALUE! | IQ12: =AND(Versiones!CC7,"AAAAAD7r//o=") -> #VALUE! | IR12: =AND(Versiones!CD7,"AAAAAD7r//s=") -> #VALUE! | IS12: =AND(Versiones!CE7,"AAAAAD7r//w=") -> #VALUE! | IT12: =AND(Versiones!CF7,"AAAAAD7r//0=") -> #VALUE! | IU12: =AND(Versiones!CG7,"AAAAAD7r//4=") -> #VALUE! | IV12: =AND(Versiones!CH7,"AAAAAD7r//8=") -> #VALUE!
A13: =AND(Versiones!CI7,"AAAAAH/9+gA=") -> #VALUE! | B13: =AND(Versiones!CJ7,"AAAAAH/9+gE=") -> #VALUE! | C13: =AND(Versiones!CK7,"AAAAAH/9+gI=") -> #VALUE! | D13: =AND(Versiones!CL7,"AAAAAH/9+gM=") -> #VALUE! | E13: =AND(Versiones!CM7,"AAAAAH/9+gQ=") -> #VALUE! | F13: =AND(Versiones!CN7,"AAAAAH/9+gU=") -> #VALUE! | G13: =AND(Versiones!CO7,"AAAAAH/9+gY=") -> #VALUE! | H13: =AND(Versiones!CP7,"AAAAAH/9+gc=") -> #VALUE! | I13: =AND(Versiones!CQ7,"AAAAAH/9+gg=") -> #VALUE! | J13: =AND(Versiones!CR7,"AAAAAH/9+gk=") -> #VALUE! | K13: =AND(Versiones!CS7,"AAAAAH/9+go=") -> #VALUE! | L13: =AND(Versiones!CT7,"AAAAAH/9+gs=") -> #VALUE! | M13: =AND(Versiones!CU7,"AAAAAH/9+gw=") -> #VALUE! | N13: =AND(Versiones!CV7,"AAAAAH/9+g0=") -> #VALUE! | O13: =AND(Versiones!CW7,"AAAAAH/9+g4=") -> #VALUE! | P13: =AND(Versiones!CX7,"AAAAAH/9+g8=") -> #VALUE! | Q13: =AND(Versiones!CY7,"AAAAAH/9+hA=") -> #VALUE! | R13: =AND(Versiones!CZ7,"AAAAAH/9+hE=") -> #VALUE! | S13: =AND(Versiones!DA7,"AAAAAH/9+hI=") -> #VALUE! | T13: =AND(Versiones!DB7,"AAAAAH/9+hM=") -> #VALUE! | U13: =AND(Versiones!DC7,"AAAAAH/9+hQ=") -> #VALUE! | V13: =AND(Versiones!DD7,"AAAAAH/9+hU=") -> #VALUE! | W13: =AND(Versiones!DE7,"AAAAAH/9+hY=") -> #VALUE! | X13: =AND(Versiones!DF7,"AAAAAH/9+hc=") -> #VALUE! | Y13: =AND(Versiones!DG7,"AAAAAH/9+hg=") -> #VALUE! | Z13: =AND(Versiones!DH7,"AAAAAH/9+hk=") -> #VALUE! | AA13: =AND(Versiones!DI7,"AAAAAH/9+ho=") -> #VALUE! | AB13: =AND(Versiones!DJ7,"AAAAAH/9+hs=") -> #VALUE! | AC13: =AND(Versiones!DK7,"AAAAAH/9+hw=") -> #VALUE! | AD13: =AND(Versiones!DL7,"AAAAAH/9+h0=") -> #VALUE! | AE13: =AND(Versiones!DM7,"AAAAAH/9+h4=") -> #VALUE! | AF13: =AND(Versiones!DN7,"AAAAAH/9+h8=") -> #VALUE! | AG13: =AND(Versiones!DO7,"AAAAAH/9+iA=") -> #VALUE! | AH13: =AND(Versiones!DP7,"AAAAAH/9+iE=") -> #VALUE! | AI13: =AND(Versiones!DQ7,"AAAAAH/9+iI=") -> #VALUE! | AJ13: =AND(Versiones!DR7,"AAAAAH/9+iM=") -> #VALUE! | AK13: =AND(Versiones!DS7,"AAAAAH/9+iQ=") -> #VALUE! | AL13: =AND(Versiones!DT7,"AAAAAH/9+iU=") -> #VALUE! | AM13: =AND(Versiones!DU7,"AAAAAH/9+iY=") -> #VALUE! | AN13: =AND(Versiones!DV7,"AAAAAH/9+ic=") -> #VALUE! | AO13: =AND(Versiones!DW7,"AAAAAH/9+ig=") -> #VALUE! | AP13: =AND(Versiones!DX7,"AAAAAH/9+ik=") -> #VALUE! | AQ13: =AND(Versiones!DY7,"AAAAAH/9+io=") -> #VALUE! | AR13: =AND(Versiones!DZ7,"AAAAAH/9+is=") -> #VALUE! | AS13: =AND(Versiones!EA7,"AAAAAH/9+iw=") -> #VALUE! | AT13: =AND(Versiones!EB7,"AAAAAH/9+i0=") -> #VALUE! | AU13: =AND(Versiones!EC7,"AAAAAH/9+i4=") -> #VALUE! | AV13: =AND(Versiones!ED7,"AAAAAH/9+i8=") -> #VALUE! | AW13: =AND(Versiones!EE7,"AAAAAH/9+jA=") -> #VALUE! | AX13: =AND(Versiones!EF7,"AAAAAH/9+jE=") -> #VALUE! | AY13: =AND(Versiones!EG7,"AAAAAH/9+jI=") -> #VALUE! | AZ13: =AND(Versiones!EH7,"AAAAAH/9+jM=") -> #VALUE! | BA13: =AND(Versiones!EI7,"AAAAAH/9+jQ=") -> #VALUE! | BB13: =AND(Versiones!EJ7,"AAAAAH/9+jU=") -> #VALUE! | BC13: =AND(Versiones!EK7,"AAAAAH/9+jY=") -> #VALUE! | BD13: =AND(Versiones!EL7,"AAAAAH/9+jc=") -> #VALUE! | BE13: =AND(Versiones!EM7,"AAAAAH/9+jg=") -> #VALUE! | BF13: =AND(Versiones!EN7,"AAAAAH/9+jk=") -> #VALUE! | BG13: =AND(Versiones!EO7,"AAAAAH/9+jo=") -> #VALUE! | BH13: =AND(Versiones!EP7,"AAAAAH/9+js=") -> #VALUE! | BI13: =AND(Versiones!EQ7,"AAAAAH/9+jw=") -> #VALUE! | BJ13: =AND(Versiones!ER7,"AAAAAH/9+j0=") -> #VALUE! | BK13: =AND(Versiones!ES7,"AAAAAH/9+j4=") -> #VALUE! | BL13: =AND(Versiones!ET7,"AAAAAH/9+j8=") -> #VALUE! | BM13: =AND(Versiones!EU7,"AAAAAH/9+kA=") -> #VALUE! | BN13: =AND(Versiones!EV7,"AAAAAH/9+kE=") -> #VALUE! | BO13: =AND(Versiones!EW7,"AAAAAH/9+kI=") -> #VALUE! | BP13: =AND(Versiones!EX7,"AAAAAH/9+kM=") -> #VALUE! | BQ13: =AND(Versiones!EY7,"AAAAAH/9+kQ=") -> #VALUE! | BR13: =AND(Versiones!EZ7,"AAAAAH/9+kU=") -> #VALUE! | BS13: =AND(Versiones!FA7,"AAAAAH/9+kY=") -> #VALUE! | BT13: =AND(Versiones!FB7,"AAAAAH/9+kc=") -> #VALUE! | BU13: =AND(Versiones!FC7,"AAAAAH/9+kg=") -> #VALUE! | BV13: =AND(Versiones!FD7,"AAAAAH/9+kk=") -> #VALUE! | BW13: =AND(Versiones!FE7,"AAAAAH/9+ko=") -> #VALUE! | BX13: =AND(Versiones!FF7,"AAAAAH/9+ks=") -> #VALUE! | BY13: =AND(Versiones!FG7,"AAAAAH/9+kw=") -> #VALUE! | BZ13: =AND(Versiones!FH7,"AAAAAH/9+k0=") -> #VALUE! | CA13: =AND(Versiones!FI7,"AAAAAH/9+k4=") -> #VALUE! | CB13: =AND(Versiones!FJ7,"AAAAAH/9+k8=") -> #VALUE! | CC13: =AND(Versiones!FK7,"AAAAAH/9+lA=") -> #VALUE! | CD13: =AND(Versiones!FL7,"AAAAAH/9+lE=") -> #VALUE! | CE13: =AND(Versiones!FM7,"AAAAAH/9+lI=") -> #VALUE! | CF13: =AND(Versiones!FN7,"AAAAAH/9+lM=") -> #VALUE! | CG13: =AND(Versiones!FO7,"AAAAAH/9+lQ=") -> #VALUE! | CH13: =AND(Versiones!FP7,"AAAAAH/9+lU=") -> #VALUE! | CI13: =AND(Versiones!FQ7,"AAAAAH/9+lY=") -> #VALUE! | CJ13: =AND(Versiones!FR7,"AAAAAH/9+lc=") -> #VALUE! | CK13: =AND(Versiones!FS7,"AAAAAH/9+lg=") -> #VALUE! | CL13: =AND(Versiones!FT7,"AAAAAH/9+lk=") -> #VALUE! | CM13: =AND(Versiones!FU7,"AAAAAH/9+lo=") -> #VALUE! | CN13: =AND(Versiones!FV7,"AAAAAH/9+ls=") -> #VALUE! | CO13: =AND(Versiones!FW7,"AAAAAH/9+lw=") -> #VALUE! | CP13: =AND(Versiones!FX7,"AAAAAH/9+l0=") -> #VALUE! | CQ13: =AND(Versiones!FY7,"AAAAAH/9+l4=") -> #VALUE! | CR13: =AND(Versiones!FZ7,"AAAAAH/9+l8=") -> #VALUE! | CS13: =AND(Versiones!GA7,"AAAAAH/9+mA=") -> #VALUE! | CT13: =AND(Versiones!GB7,"AAAAAH/9+mE=") -> #VALUE! | CU13: =AND(Versiones!GC7,"AAAAAH/9+mI=") -> #VALUE! | CV13: =AND(Versiones!GD7,"AAAAAH/9+mM=") -> #VALUE! | CW13: =AND(Versiones!GE7,"AAAAAH/9+mQ=") -> #VALUE! | CX13: =AND(Versiones!GF7,"AAAAAH/9+mU=") -> #VALUE! | CY13: =AND(Versiones!GG7,"AAAAAH/9+mY=") -> #VALUE! | CZ13: =AND(Versiones!GH7,"AAAAAH/9+mc=") -> #VALUE! | DA13: =AND(Versiones!GI7,"AAAAAH/9+mg=") -> #VALUE! | DB13: =AND(Versiones!GJ7,"AAAAAH/9+mk=") -> #VALUE! | DC13: =AND(Versiones!GK7,"AAAAAH/9+mo=") -> #VALUE! | DD13: =AND(Versiones!GL7,"AAAAAH/9+ms=") -> #VALUE! | DE13: =AND(Versiones!GM7,"AAAAAH/9+mw=") -> #VALUE! | DF13: =AND(Versiones!GN7,"AAAAAH/9+m0=") -> #VALUE! | DG13: =AND(Versiones!GO7,"AAAAAH/9+m4=") -> #VALUE! | DH13: =AND(Versiones!GP7,"AAAAAH/9+m8=") -> #VALUE! | DI13: =AND(Versiones!GQ7,"AAAAAH/9+nA=") -> #VALUE! | DJ13: =AND(Versiones!GR7,"AAAAAH/9+nE=") -> #VALUE! | DK13: =AND(Versiones!GS7,"AAAAAH/9+nI=") -> #VALUE! | DL13: =AND(Versiones!GT7,"AAAAAH/9+nM=") -> #VALUE! | DM13: =AND(Versiones!GU7,"AAAAAH/9+nQ=") -> #VALUE! | DN13: =AND(Versiones!GV7,"AAAAAH/9+nU=") -> #VALUE! | DO13: =AND(Versiones!GW7,"AAAAAH/9+nY=") -> #VALUE! | DP13: =AND(Versiones!GX7,"AAAAAH/9+nc=") -> #VALUE! | DQ13: =AND(Versiones!GY7,"AAAAAH/9+ng=") -> #VALUE! | DR13: =AND(Versiones!GZ7,"AAAAAH/9+nk=") -> #VALUE! | DS13: =AND(Versiones!HA7,"AAAAAH/9+no=") -> #VALUE! | DT13: =AND(Versiones!HB7,"AAAAAH/9+ns=") -> #VALUE! | DU13: =AND(Versiones!HC7,"AAAAAH/9+nw=") -> #VALUE! | DV13: =AND(Versiones!HD7,"AAAAAH/9+n0=") -> #VALUE! | DW13: =AND(Versiones!HE7,"AAAAAH/9+n4=") -> #VALUE! | DX13: =AND(Versiones!HF7,"AAAAAH/9+n8=") -> #VALUE! | DY13: =AND(Versiones!HG7,"AAAAAH/9+oA=") -> #VALUE! | DZ13: =AND(Versiones!HH7,"AAAAAH/9+oE=") -> #VALUE! | EA13: =AND(Versiones!HI7,"AAAAAH/9+oI=") -> #VALUE! | EB13: =IF(Versiones!8:8,"AAAAAH/9+oM=",0) -> 0 | EC13: =AND(Versiones!A8,"AAAAAH/9+oQ=") -> #VALUE! | ED13: =AND(Versiones!B8,"AAAAAH/9+oU=") -> #VALUE! | EE13: =AND(Versiones!C8,"AAAAAH/9+oY=") -> #VALUE! | EF13: =AND(Versiones!D8,"AAAAAH/9+oc=") -> #VALUE! | EG13: =AND(Versiones!E8,"AAAAAH/9+og=") -> #VALUE! | EH13: =AND(Versiones!F8,"AAAAAH/9+ok=") -> #VALUE! | EI13: =AND(Versiones!#REF!,"AAAAAH/9+oo=") -> #REF! | EJ13: =AND(Versiones!G8,"AAAAAH/9+os=") -> #VALUE! | EK13: =AND(Versiones!H8,"AAAAAH/9+ow=") -> #VALUE! | EL13: =AND(Versiones!I8,"AAAAAH/9+o0=") -> #VALUE! | EM13: =AND(Versiones!J8,"AAAAAH/9+o4=") -> #VALUE! | EN13: =AND(Versiones!K8,"AAAAAH/9+o8=") -> #VALUE! | EO13: =AND(Versiones!L8,"AAAAAH/9+pA=") -> #VALUE! | EP13: =AND(Versiones!M8,"AAAAAH/9+pE=") -> #VALUE! | EQ13: =AND(Versiones!N8,"AAAAAH/9+pI=") -> #VALUE! | ER13: =AND(Versiones!O8,"AAAAAH/9+pM=") -> #VALUE! | ES13: =AND(Versiones!P8,"AAAAAH/9+pQ=") -> #VALUE! | ET13: =AND(Versiones!Q8,"AAAAAH/9+pU=") -> #VALUE! | EU13: =AND(Versiones!R8,"AAAAAH/9+pY=") -> #VALUE! | EV13: =AND(Versiones!S8,"AAAAAH/9+pc=") -> #VALUE! | EW13: =AND(Versiones!T8,"AAAAAH/9+pg=") -> #VALUE! | EX13: =AND(Versiones!U8,"AAAAAH/9+pk=") -> #VALUE! | EY13: =AND(Versiones!V8,"AAAAAH/9+po=") -> #VALUE! | EZ13: =AND(Versiones!W8,"AAAAAH/9+ps=") -> #VALUE! | FA13: =AND(Versiones!X8,"AAAAAH/9+pw=") -> #VALUE! | FB13: =AND(Versiones!Y8,"AAAAAH/9+p0=") -> #VALUE! | FC13: =AND(Versiones!Z8,"AAAAAH/9+p4=") -> #VALUE! | FD13: =AND(Versiones!AA8,"AAAAAH/9+p8=") -> #VALUE! | FE13: =AND(Versiones!AB8,"AAAAAH/9+qA=") -> #VALUE! | FF13: =AND(Versiones!AC8,"AAAAAH/9+qE=") -> #VALUE! | FG13: =AND(Versiones!AD8,"AAAAAH/9+qI=") -> #VALUE! | FH13: =AND(Versiones!AE8,"AAAAAH/9+qM=") -> #VALUE! | FI13: =AND(Versiones!AF8,"AAAAAH/9+qQ=") -> #VALUE! | FJ13: =AND(Versiones!AG8,"AAAAAH/9+qU=") -> #VALUE! | FK13: =AND(Versiones!AH8,"AAAAAH/9+qY=") -> #VALUE! | FL13: =AND(Versiones!AI8,"AAAAAH/9+qc=") -> #VALUE! | FM13: =AND(Versiones!AJ8,"AAAAAH/9+qg=") -> #VALUE! | FN13: =AND(Versiones!AK8,"AAAAAH/9+qk=") -> #VALUE! | FO13: =AND(Versiones!AL8,"AAAAAH/9+qo=") -> #VALUE! | FP13: =AND(Versiones!AM8,"AAAAAH/9+qs=") -> #VALUE! | FQ13: =AND(Versiones!AN8,"AAAAAH/9+qw=") -> #VALUE! | FR13: =AND(Versiones!AO8,"AAAAAH/9+q0=") -> #VALUE! | FS13: =AND(Versiones!AP8,"AAAAAH/9+q4=") -> #VALUE! | FT13: =AND(Versiones!AQ8,"AAAAAH/9+q8=") -> #VALUE! | FU13: =AND(Versiones!AR8,"AAAAAH/9+rA=") -> #VALUE! | FV13: =AND(Versiones!AS8,"AAAAAH/9+rE=") -> #VALUE! | FW13: =AND(Versiones!AT8,"AAAAAH/9+rI=") -> #VALUE! | FX13: =AND(Versiones!AU8,"AAAAAH/9+rM=") -> #VALUE! | FY13: =AND(Versiones!AV8,"AAAAAH/9+rQ=") -> #VALUE! | FZ13: =AND(Versiones!AW8,"AAAAAH/9+rU=") -> #VALUE! | GA13: =AND(Versiones!AX8,"AAAAAH/9+rY=") -> #VALUE! | GB13: =AND(Versiones!AY8,"AAAAAH/9+rc=") -> #VALUE! | GC13: =AND(Versiones!AZ8,"AAAAAH/9+rg=") -> #VALUE! | GD13: =AND(Versiones!BA8,"AAAAAH/9+rk=") -> #VALUE! | GE13: =AND(Versiones!BB8,"AAAAAH/9+ro=") -> #VALUE! | GF13: =AND(Versiones!BC8,"AAAAAH/9+rs=") -> #VALUE! | GG13: =AND(Versiones!BD8,"AAAAAH/9+rw=") -> #VALUE! | GH13: =AND(Versiones!BE8,"AAAAAH/9+r0=") -> #VALUE! | GI13: =AND(Versiones!BF8,"AAAAAH/9+r4=") -> #VALUE! | GJ13: =AND(Versiones!BG8,"AAAAAH/9+r8=") -> #VALUE! | GK13: =AND(Versiones!BH8,"AAAAAH/9+sA=") -> #VALUE! | GL13: =AND(Versiones!BI8,"AAAAAH/9+sE=") -> #VALUE! | GM13: =AND(Versiones!BJ8,"AAAAAH/9+sI=") -> #VALUE! | GN13: =AND(Versiones!BK8,"AAAAAH/9+sM=") -> #VALUE! | GO13: =AND(Versiones!BL8,"AAAAAH/9+sQ=") -> #VALUE! | GP13: =AND(Versiones!BM8,"AAAAAH/9+sU=") -> #VALUE! | GQ13: =AND(Versiones!BN8,"AAAAAH/9+sY=") -> #VALUE! | GR13: =AND(Versiones!BO8,"AAAAAH/9+sc=") -> #VALUE! | GS13: =AND(Versiones!BP8,"AAAAAH/9+sg=") -> #VALUE! | GT13: =AND(Versiones!BQ8,"AAAAAH/9+sk=") -> #VALUE! | GU13: =AND(Versiones!BR8,"AAAAAH/9+so=") -> #VALUE! | GV13: =AND(Versiones!BS8,"AAAAAH/9+ss=") -> #VALUE! | GW13: =AND(Versiones!BT8,"AAAAAH/9+sw=") -> #VALUE! | GX13: =AND(Versiones!BU8,"AAAAAH/9+s0=") -> #VALUE! | GY13: =AND(Versiones!BV8,"AAAAAH/9+s4=") -> #VALUE! | GZ13: =AND(Versiones!BW8,"AAAAAH/9+s8=") -> #VALUE! | HA13: =AND(Versiones!BX8,"AAAAAH/9+tA=") -> #VALUE! | HB13: =AND(Versiones!BY8,"AAAAAH/9+tE=") -> #VALUE! | HC13: =AND(Versiones!BZ8,"AAAAAH/9+tI=") -> #VALUE! | HD13: =AND(Versiones!CA8,"AAAAAH/9+tM=") -> #VALUE! | HE13: =AND(Versiones!CB8,"AAAAAH/9+tQ=") -> #VALUE! | HF13: =AND(Versiones!CC8,"AAAAAH/9+tU=") -> #VALUE! | HG13: =AND(Versiones!CD8,"AAAAAH/9+tY=") -> #VALUE! | HH13: =AND(Versiones!CE8,"AAAAAH/9+tc=") -> #VALUE! | HI13: =AND(Versiones!CF8,"AAAAAH/9+tg=") -> #VALUE! | HJ13: =AND(Versiones!CG8,"AAAAAH/9+tk=") -> #VALUE! | HK13: =AND(Versiones!CH8,"AAAAAH/9+to=") -> #VALUE! | HL13: =AND(Versiones!CI8,"AAAAAH/9+ts=") -> #VALUE! | HM13: =AND(Versiones!CJ8,"AAAAAH/9+tw=") -> #VALUE! | HN13: =AND(Versiones!CK8,"AAAAAH/9+t0=") -> #VALUE! | HO13: =AND(Versiones!CL8,"AAAAAH/9+t4=") -> #VALUE! | HP13: =AND(Versiones!CM8,"AAAAAH/9+t8=") -> #VALUE! | HQ13: =AND(Versiones!CN8,"AAAAAH/9+uA=") -> #VALUE! | HR13: =AND(Versiones!CO8,"AAAAAH/9+uE=") -> #VALUE! | HS13: =AND(Versiones!CP8,"AAAAAH/9+uI=") -> #VALUE! | HT13: =AND(Versiones!CQ8,"AAAAAH/9+uM=") -> #VALUE! | HU13: =AND(Versiones!CR8,"AAAAAH/9+uQ=") -> #VALUE! | HV13: =AND(Versiones!CS8,"AAAAAH/9+uU=") -> #VALUE! | HW13: =AND(Versiones!CT8,"AAAAAH/9+uY=") -> #VALUE! | HX13: =AND(Versiones!CU8,"AAAAAH/9+uc=") -> #VALUE! | HY13: =AND(Versiones!CV8,"AAAAAH/9+ug=") -> #VALUE! | HZ13: =AND(Versiones!CW8,"AAAAAH/9+uk=") -> #VALUE! | IA13: =AND(Versiones!CX8,"AAAAAH/9+uo=") -> #VALUE! | IB13: =AND(Versiones!CY8,"AAAAAH/9+us=") -> #VALUE! | IC13: =AND(Versiones!CZ8,"AAAAAH/9+uw=") -> #VALUE! | ID13: =AND(Versiones!DA8,"AAAAAH/9+u0=") -> #VALUE! | IE13: =AND(Versiones!DB8,"AAAAAH/9+u4=") -> #VALUE! | IF13: =AND(Versiones!DC8,"AAAAAH/9+u8=") -> #VALUE! | IG13: =AND(Versiones!DD8,"AAAAAH/9+vA=") -> #VALUE! | IH13: =AND(Versiones!DE8,"AAAAAH/9+vE=") -> #VALUE! | II13: =AND(Versiones!DF8,"AAAAAH/9+vI=") -> #VALUE! | IJ13: =AND(Versiones!DG8,"AAAAAH/9+vM=") -> #VALUE! | IK13: =AND(Versiones!DH8,"AAAAAH/9+vQ=") -> #VALUE! | IL13: =AND(Versiones!DI8,"AAAAAH/9+vU=") -> #VALUE! | IM13: =AND(Versiones!DJ8,"AAAAAH/9+vY=") -> #VALUE! | IN13: =AND(Versiones!DK8,"AAAAAH/9+vc=") -> #VALUE! | IO13: =AND(Versiones!DL8,"AAAAAH/9+vg=") -> #VALUE! | IP13: =AND(Versiones!DM8,"AAAAAH/9+vk=") -> #VALUE! | IQ13: =AND(Versiones!DN8,"AAAAAH/9+vo=") -> #VALUE! | IR13: =AND(Versiones!DO8,"AAAAAH/9+vs=") -> #VALUE! | IS13: =AND(Versiones!DP8,"AAAAAH/9+vw=") -> #VALUE! | IT13: =AND(Versiones!DQ8,"AAAAAH/9+v0=") -> #VALUE! | IU13: =AND(Versiones!DR8,"AAAAAH/9+v4=") -> #VALUE! | IV13: =AND(Versiones!DS8,"AAAAAH/9+v8=") -> #VALUE!
